date,year,month,month_name,quarter,week,day_of_week,is_weekend
2014-01-02,2014,1,January,1,1,Thursday,False
2014-01-03,2014,1,January,1,1,Friday,False
2014-01-04,2014,1,January,1,1,Saturday,True
2014-01-05,2014,1,January,1,1,Sunday,True
2014-01-06,2014,1,January,1,2,Monday,False
2014-01-07,2014,1,January,1,2,Tuesday,False
2014-01-08,2014,1,January,1,2,Wednesday,False
2014-01-09,2014,1,January,1,2,Thursday,False
2014-01-10,2014,1,January,1,2,Friday,False
2014-01-11,2014,1,January,1,2,Saturday,True
2014-01-12,2014,1,January,1,2,Sunday,True
2014-01-13,2014,1,January,1,3,Monday,False
2014-01-14,2014,1,January,1,3,Tuesday,False
2014-01-15,2014,1,January,1,3,Wednesday,False
2014-01-16,2014,1,January,1,3,Thursday,False
2014-01-17,2014,1,January,1,3,Friday,False
2014-01-18,2014,1,January,1,3,Saturday,True
2014-01-19,2014,1,January,1,3,Sunday,True
2014-01-20,2014,1,January,1,4,Monday,False
2014-01-21,2014,1,January,1,4,Tuesday,False
2014-01-22,2014,1,January,1,4,Wednesday,False
2014-01-23,2014,1,January,1,4,Thursday,False
2014-01-24,2014,1,January,1,4,Friday,False
2014-01-25,2014,1,January,1,4,Saturday,True
2014-01-26,2014,1,January,1,4,Sunday,True
2014-01-27,2014,1,January,1,5,Monday,False
2014-01-28,2014,1,January,1,5,Tuesday,False
2014-01-29,2014,1,January,1,5,Wednesday,False
2014-01-30,2014,1,January,1,5,Thursday,False
2014-01-31,2014,1,January,1,5,Friday,False
2014-02-01,2014,2,February,1,5,Saturday,True
2014-02-02,2014,2,February,1,5,Sunday,True
2014-02-03,2014,2,February,1,6,Monday,False
2014-02-04,2014,2,February,1,6,Tuesday,False
2014-02-05,2014,2,February,1,6,Wednesday,False
2014-02-06,2014,2,February,1,6,Thursday,False
2014-02-07,2014,2,February,1,6,Friday,False
2014-02-08,2014,2,February,1,6,Saturday,True
2014-02-09,2014,2,February,1,6,Sunday,True
2014-02-10,2014,2,February,1,7,Monday,False
2014-02-11,2014,2,February,1,7,Tuesday,False
2014-02-12,2014,2,February,1,7,Wednesday,False
2014-02-13,2014,2,February,1,7,Thursday,False
2014-02-14,2014,2,February,1,7,Friday,False
2014-02-15,2014,2,February,1,7,Saturday,True
2014-02-16,2014,2,February,1,7,Sunday,True
2014-02-17,2014,2,February,1,8,Monday,False
2014-02-18,2014,2,February,1,8,Tuesday,False
2014-02-19,2014,2,February,1,8,Wednesday,False
2014-02-20,2014,2,February,1,8,Thursday,False
2014-02-21,2014,2,February,1,8,Friday,False
2014-02-22,2014,2,February,1,8,Saturday,True
2014-02-23,2014,2,February,1,8,Sunday,True
2014-02-24,2014,2,February,1,9,Monday,False
2014-02-25,2014,2,February,1,9,Tuesday,False
2014-02-26,2014,2,February,1,9,Wednesday,False
2014-02-27,2014,2,February,1,9,Thursday,False
2014-02-28,2014,2,February,1,9,Friday,False
2014-03-01,2014,3,March,1,9,Saturday,True
2014-03-02,2014,3,March,1,9,Sunday,True
2014-03-03,2014,3,March,1,10,Monday,False
2014-03-04,2014,3,March,1,10,Tuesday,False
2014-03-05,2014,3,March,1,10,Wednesday,False
2014-03-06,2014,3,March,1,10,Thursday,False
2014-03-07,2014,3,March,1,10,Friday,False
2014-03-08,2014,3,March,1,10,Saturday,True
2014-03-09,2014,3,March,1,10,Sunday,True
2014-03-10,2014,3,March,1,11,Monday,False
2014-03-11,2014,3,March,1,11,Tuesday,False
2014-03-12,2014,3,March,1,11,Wednesday,False
2014-03-13,2014,3,March,1,11,Thursday,False
2014-03-14,2014,3,March,1,11,Friday,False
2014-03-15,2014,3,March,1,11,Saturday,True
2014-03-16,2014,3,March,1,11,Sunday,True
2014-03-17,2014,3,March,1,12,Monday,False
2014-03-18,2014,3,March,1,12,Tuesday,False
2014-03-19,2014,3,March,1,12,Wednesday,False
2014-03-20,2014,3,March,1,12,Thursday,False
2014-03-21,2014,3,March,1,12,Friday,False
2014-03-22,2014,3,March,1,12,Saturday,True
2014-03-23,2014,3,March,1,12,Sunday,True
2014-03-24,2014,3,March,1,13,Monday,False
2014-03-25,2014,3,March,1,13,Tuesday,False
2014-03-26,2014,3,March,1,13,Wednesday,False
2014-03-27,2014,3,March,1,13,Thursday,False
2014-03-28,2014,3,March,1,13,Friday,False
2014-03-29,2014,3,March,1,13,Saturday,True
2014-03-30,2014,3,March,1,13,Sunday,True
2014-03-31,2014,3,March,1,14,Monday,False
2014-04-01,2014,4,April,2,14,Tuesday,False
2014-04-02,2014,4,April,2,14,Wednesday,False
2014-04-03,2014,4,April,2,14,Thursday,False
2014-04-04,2014,4,April,2,14,Friday,False
2014-04-05,2014,4,April,2,14,Saturday,True
2014-04-06,2014,4,April,2,14,Sunday,True
2014-04-07,2014,4,April,2,15,Monday,False
2014-04-08,2014,4,April,2,15,Tuesday,False
2014-04-09,2014,4,April,2,15,Wednesday,False
2014-04-10,2014,4,April,2,15,Thursday,False
2014-04-11,2014,4,April,2,15,Friday,False
2014-04-12,2014,4,April,2,15,Saturday,True
2014-04-13,2014,4,April,2,15,Sunday,True
2014-04-14,2014,4,April,2,16,Monday,False
2014-04-15,2014,4,April,2,16,Tuesday,False
2014-04-16,2014,4,April,2,16,Wednesday,False
2014-04-17,2014,4,April,2,16,Thursday,False
2014-04-18,2014,4,April,2,16,Friday,False
2014-04-19,2014,4,April,2,16,Saturday,True
2014-04-20,2014,4,April,2,16,Sunday,True
2014-04-21,2014,4,April,2,17,Monday,False
2014-04-22,2014,4,April,2,17,Tuesday,False
2014-04-23,2014,4,April,2,17,Wednesday,False
2014-04-24,2014,4,April,2,17,Thursday,False
2014-04-25,2014,4,April,2,17,Friday,False
2014-04-26,2014,4,April,2,17,Saturday,True
2014-04-27,2014,4,April,2,17,Sunday,True
2014-04-28,2014,4,April,2,18,Monday,False
2014-04-29,2014,4,April,2,18,Tuesday,False
2014-04-30,2014,4,April,2,18,Wednesday,False
2014-05-01,2014,5,May,2,18,Thursday,False
2014-05-02,2014,5,May,2,18,Friday,False
2014-05-03,2014,5,May,2,18,Saturday,True
2014-05-04,2014,5,May,2,18,Sunday,True
2014-05-05,2014,5,May,2,19,Monday,False
2014-05-06,2014,5,May,2,19,Tuesday,False
2014-05-07,2014,5,May,2,19,Wednesday,False
2014-05-08,2014,5,May,2,19,Thursday,False
2014-05-09,2014,5,May,2,19,Friday,False
2014-05-10,2014,5,May,2,19,Saturday,True
2014-05-11,2014,5,May,2,19,Sunday,True
2014-05-12,2014,5,May,2,20,Monday,False
2014-05-13,2014,5,May,2,20,Tuesday,False
2014-05-14,2014,5,May,2,20,Wednesday,False
2014-05-15,2014,5,May,2,20,Thursday,False
2014-05-16,2014,5,May,2,20,Friday,False
2014-05-17,2014,5,May,2,20,Saturday,True
2014-05-18,2014,5,May,2,20,Sunday,True
2014-05-19,2014,5,May,2,21,Monday,False
2014-05-20,2014,5,May,2,21,Tuesday,False
2014-05-21,2014,5,May,2,21,Wednesday,False
2014-05-22,2014,5,May,2,21,Thursday,False
2014-05-23,2014,5,May,2,21,Friday,False
2014-05-24,2014,5,May,2,21,Saturday,True
2014-05-25,2014,5,May,2,21,Sunday,True
2014-05-26,2014,5,May,2,22,Monday,False
2014-05-27,2014,5,May,2,22,Tuesday,False
2014-05-28,2014,5,May,2,22,Wednesday,False
2014-05-29,2014,5,May,2,22,Thursday,False
2014-05-30,2014,5,May,2,22,Friday,False
2014-05-31,2014,5,May,2,22,Saturday,True
2014-06-01,2014,6,June,2,22,Sunday,True
2014-06-02,2014,6,June,2,23,Monday,False
2014-06-03,2014,6,June,2,23,Tuesday,False
2014-06-04,2014,6,June,2,23,Wednesday,False
2014-06-05,2014,6,June,2,23,Thursday,False
2014-06-06,2014,6,June,2,23,Friday,False
2014-06-07,2014,6,June,2,23,Saturday,True
2014-06-08,2014,6,June,2,23,Sunday,True
2014-06-09,2014,6,June,2,24,Monday,False
2014-06-10,2014,6,June,2,24,Tuesday,False
2014-06-11,2014,6,June,2,24,Wednesday,False
2014-06-12,2014,6,June,2,24,Thursday,False
2014-06-13,2014,6,June,2,24,Friday,False
2014-06-14,2014,6,June,2,24,Saturday,True
2014-06-15,2014,6,June,2,24,Sunday,True
2014-06-16,2014,6,June,2,25,Monday,False
2014-06-17,2014,6,June,2,25,Tuesday,False
2014-06-18,2014,6,June,2,25,Wednesday,False
2014-06-19,2014,6,June,2,25,Thursday,False
2014-06-20,2014,6,June,2,25,Friday,False
2014-06-21,2014,6,June,2,25,Saturday,True
2014-06-22,2014,6,June,2,25,Sunday,True
2014-06-23,2014,6,June,2,26,Monday,False
2014-06-24,2014,6,June,2,26,Tuesday,False
2014-06-25,2014,6,June,2,26,Wednesday,False
2014-06-26,2014,6,June,2,26,Thursday,False
2014-06-27,2014,6,June,2,26,Friday,False
2014-06-28,2014,6,June,2,26,Saturday,True
2014-06-29,2014,6,June,2,26,Sunday,True
2014-06-30,2014,6,June,2,27,Monday,False
2014-07-01,2014,7,July,3,27,Tuesday,False
2014-07-02,2014,7,July,3,27,Wednesday,False
2014-07-03,2014,7,July,3,27,Thursday,False
2014-07-04,2014,7,July,3,27,Friday,False
2014-07-05,2014,7,July,3,27,Saturday,True
2014-07-06,2014,7,July,3,27,Sunday,True
2014-07-07,2014,7,July,3,28,Monday,False
2014-07-08,2014,7,July,3,28,Tuesday,False
2014-07-09,2014,7,July,3,28,Wednesday,False
2014-07-10,2014,7,July,3,28,Thursday,False
2014-07-11,2014,7,July,3,28,Friday,False
2014-07-12,2014,7,July,3,28,Saturday,True
2014-07-13,2014,7,July,3,28,Sunday,True
2014-07-14,2014,7,July,3,29,Monday,False
2014-07-15,2014,7,July,3,29,Tuesday,False
2014-07-16,2014,7,July,3,29,Wednesday,False
2014-07-17,2014,7,July,3,29,Thursday,False
2014-07-18,2014,7,July,3,29,Friday,False
2014-07-19,2014,7,July,3,29,Saturday,True
2014-07-20,2014,7,July,3,29,Sunday,True
2014-07-21,2014,7,July,3,30,Monday,False
2014-07-22,2014,7,July,3,30,Tuesday,False
2014-07-23,2014,7,July,3,30,Wednesday,False
2014-07-24,2014,7,July,3,30,Thursday,False
2014-07-25,2014,7,July,3,30,Friday,False
2014-07-26,2014,7,July,3,30,Saturday,True
2014-07-27,2014,7,July,3,30,Sunday,True
2014-07-28,2014,7,July,3,31,Monday,False
2014-07-29,2014,7,July,3,31,Tuesday,False
2014-07-30,2014,7,July,3,31,Wednesday,False
2014-07-31,2014,7,July,3,31,Thursday,False
2014-08-01,2014,8,August,3,31,Friday,False
2014-08-02,2014,8,August,3,31,Saturday,True
2014-08-03,2014,8,August,3,31,Sunday,True
2014-08-04,2014,8,August,3,32,Monday,False
2014-08-05,2014,8,August,3,32,Tuesday,False
2014-08-06,2014,8,August,3,32,Wednesday,False
2014-08-07,2014,8,August,3,32,Thursday,False
2014-08-08,2014,8,August,3,32,Friday,False
2014-08-09,2014,8,August,3,32,Saturday,True
2014-08-10,2014,8,August,3,32,Sunday,True
2014-08-11,2014,8,August,3,33,Monday,False
2014-08-12,2014,8,August,3,33,Tuesday,False
2014-08-13,2014,8,August,3,33,Wednesday,False
2014-08-14,2014,8,August,3,33,Thursday,False
2014-08-15,2014,8,August,3,33,Friday,False
2014-08-16,2014,8,August,3,33,Saturday,True
2014-08-17,2014,8,August,3,33,Sunday,True
2014-08-18,2014,8,August,3,34,Monday,False
2014-08-19,2014,8,August,3,34,Tuesday,False
2014-08-20,2014,8,August,3,34,Wednesday,False
2014-08-21,2014,8,August,3,34,Thursday,False
2014-08-22,2014,8,August,3,34,Friday,False
2014-08-23,2014,8,August,3,34,Saturday,True
2014-08-24,2014,8,August,3,34,Sunday,True
2014-08-25,2014,8,August,3,35,Monday,False
2014-08-26,2014,8,August,3,35,Tuesday,False
2014-08-27,2014,8,August,3,35,Wednesday,False
2014-08-28,2014,8,August,3,35,Thursday,False
2014-08-29,2014,8,August,3,35,Friday,False
2014-08-30,2014,8,August,3,35,Saturday,True
2014-08-31,2014,8,August,3,35,Sunday,True
2014-09-01,2014,9,September,3,36,Monday,False
2014-09-02,2014,9,September,3,36,Tuesday,False
2014-09-03,2014,9,September,3,36,Wednesday,False
2014-09-04,2014,9,September,3,36,Thursday,False
2014-09-05,2014,9,September,3,36,Friday,False
2014-09-06,2014,9,September,3,36,Saturday,True
2014-09-07,2014,9,September,3,36,Sunday,True
2014-09-08,2014,9,September,3,37,Monday,False
2014-09-09,2014,9,September,3,37,Tuesday,False
2014-09-10,2014,9,September,3,37,Wednesday,False
2014-09-11,2014,9,September,3,37,Thursday,False
2014-09-12,2014,9,September,3,37,Friday,False
2014-09-13,2014,9,September,3,37,Saturday,True
2014-09-14,2014,9,September,3,37,Sunday,True
2014-09-15,2014,9,September,3,38,Monday,False
2014-09-16,2014,9,September,3,38,Tuesday,False
2014-09-17,2014,9,September,3,38,Wednesday,False
2014-09-18,2014,9,September,3,38,Thursday,False
2014-09-19,2014,9,September,3,38,Friday,False
2014-09-20,2014,9,September,3,38,Saturday,True
2014-09-21,2014,9,September,3,38,Sunday,True
2014-09-22,2014,9,September,3,39,Monday,False
2014-09-23,2014,9,September,3,39,Tuesday,False
2014-09-24,2014,9,September,3,39,Wednesday,False
2014-09-25,2014,9,September,3,39,Thursday,False
2014-09-26,2014,9,September,3,39,Friday,False
2014-09-27,2014,9,September,3,39,Saturday,True
2014-09-28,2014,9,September,3,39,Sunday,True
2014-09-29,2014,9,September,3,40,Monday,False
2014-09-30,2014,9,September,3,40,Tuesday,False
2014-10-01,2014,10,October,4,40,Wednesday,False
2014-10-02,2014,10,October,4,40,Thursday,False
2014-10-03,2014,10,October,4,40,Friday,False
2014-10-04,2014,10,October,4,40,Saturday,True
2014-10-05,2014,10,October,4,40,Sunday,True
2014-10-06,2014,10,October,4,41,Monday,False
2014-10-07,2014,10,October,4,41,Tuesday,False
2014-10-08,2014,10,October,4,41,Wednesday,False
2014-10-09,2014,10,October,4,41,Thursday,False
2014-10-10,2014,10,October,4,41,Friday,False
2014-10-11,2014,10,October,4,41,Saturday,True
2014-10-12,2014,10,October,4,41,Sunday,True
2014-10-13,2014,10,October,4,42,Monday,False
2014-10-14,2014,10,October,4,42,Tuesday,False
2014-10-15,2014,10,October,4,42,Wednesday,False
2014-10-16,2014,10,October,4,42,Thursday,False
2014-10-17,2014,10,October,4,42,Friday,False
2014-10-18,2014,10,October,4,42,Saturday,True
2014-10-19,2014,10,October,4,42,Sunday,True
2014-10-20,2014,10,October,4,43,Monday,False
2014-10-21,2014,10,October,4,43,Tuesday,False
2014-10-22,2014,10,October,4,43,Wednesday,False
2014-10-23,2014,10,October,4,43,Thursday,False
2014-10-24,2014,10,October,4,43,Friday,False
2014-10-25,2014,10,October,4,43,Saturday,True
2014-10-26,2014,10,October,4,43,Sunday,True
2014-10-27,2014,10,October,4,44,Monday,False
2014-10-28,2014,10,October,4,44,Tuesday,False
2014-10-29,2014,10,October,4,44,Wednesday,False
2014-10-30,2014,10,October,4,44,Thursday,False
2014-10-31,2014,10,October,4,44,Friday,False
2014-11-01,2014,11,November,4,44,Saturday,True
2014-11-02,2014,11,November,4,44,Sunday,True
2014-11-03,2014,11,November,4,45,Monday,False
2014-11-04,2014,11,November,4,45,Tuesday,False
2014-11-05,2014,11,November,4,45,Wednesday,False
2014-11-06,2014,11,November,4,45,Thursday,False
2014-11-07,2014,11,November,4,45,Friday,False
2014-11-08,2014,11,November,4,45,Saturday,True
2014-11-09,2014,11,November,4,45,Sunday,True
2014-11-10,2014,11,November,4,46,Monday,False
2014-11-11,2014,11,November,4,46,Tuesday,False
2014-11-12,2014,11,November,4,46,Wednesday,False
2014-11-13,2014,11,November,4,46,Thursday,False
2014-11-14,2014,11,November,4,46,Friday,False
2014-11-15,2014,11,November,4,46,Saturday,True
2014-11-16,2014,11,November,4,46,Sunday,True
2014-11-17,2014,11,November,4,47,Monday,False
2014-11-18,2014,11,November,4,47,Tuesday,False
2014-11-19,2014,11,November,4,47,Wednesday,False
2014-11-20,2014,11,November,4,47,Thursday,False
2014-11-21,2014,11,November,4,47,Friday,False
2014-11-22,2014,11,November,4,47,Saturday,True
2014-11-23,2014,11,November,4,47,Sunday,True
2014-11-24,2014,11,November,4,48,Monday,False
2014-11-25,2014,11,November,4,48,Tuesday,False
2014-11-26,2014,11,November,4,48,Wednesday,False
2014-11-27,2014,11,November,4,48,Thursday,False
2014-11-28,2014,11,November,4,48,Friday,False
2014-11-29,2014,11,November,4,48,Saturday,True
2014-11-30,2014,11,November,4,48,Sunday,True
2014-12-01,2014,12,December,4,49,Monday,False
2014-12-02,2014,12,December,4,49,Tuesday,False
2014-12-03,2014,12,December,4,49,Wednesday,False
2014-12-04,2014,12,December,4,49,Thursday,False
2014-12-05,2014,12,December,4,49,Friday,False
2014-12-06,2014,12,December,4,49,Saturday,True
2014-12-07,2014,12,December,4,49,Sunday,True
2014-12-08,2014,12,December,4,50,Monday,False
2014-12-09,2014,12,December,4,50,Tuesday,False
2014-12-10,2014,12,December,4,50,Wednesday,False
2014-12-11,2014,12,December,4,50,Thursday,False
2014-12-12,2014,12,December,4,50,Friday,False
2014-12-13,2014,12,December,4,50,Saturday,True
2014-12-14,2014,12,December,4,50,Sunday,True
2014-12-15,2014,12,December,4,51,Monday,False
2014-12-16,2014,12,December,4,51,Tuesday,False
2014-12-17,2014,12,December,4,51,Wednesday,False
2014-12-18,2014,12,December,4,51,Thursday,False
2014-12-19,2014,12,December,4,51,Friday,False
2014-12-20,2014,12,December,4,51,Saturday,True
2014-12-21,2014,12,December,4,51,Sunday,True
2014-12-22,2014,12,December,4,52,Monday,False
2014-12-23,2014,12,December,4,52,Tuesday,False
2014-12-24,2014,12,December,4,52,Wednesday,False
2014-12-25,2014,12,December,4,52,Thursday,False
2014-12-26,2014,12,December,4,52,Friday,False
2014-12-27,2014,12,December,4,52,Saturday,True
2014-12-28,2014,12,December,4,52,Sunday,True
2014-12-29,2014,12,December,4,1,Monday,False
2014-12-30,2014,12,December,4,1,Tuesday,False
2014-12-31,2014,12,December,4,1,Wednesday,False
2015-01-01,2015,1,January,1,1,Thursday,False
2015-01-02,2015,1,January,1,1,Friday,False
2015-01-03,2015,1,January,1,1,Saturday,True
2015-01-04,2015,1,January,1,1,Sunday,True
2015-01-05,2015,1,January,1,2,Monday,False
2015-01-06,2015,1,January,1,2,Tuesday,False
2015-01-07,2015,1,January,1,2,Wednesday,False
2015-01-08,2015,1,January,1,2,Thursday,False
2015-01-09,2015,1,January,1,2,Friday,False
2015-01-10,2015,1,January,1,2,Saturday,True
2015-01-11,2015,1,January,1,2,Sunday,True
2015-01-12,2015,1,January,1,3,Monday,False
2015-01-13,2015,1,January,1,3,Tuesday,False
2015-01-14,2015,1,January,1,3,Wednesday,False
2015-01-15,2015,1,January,1,3,Thursday,False
2015-01-16,2015,1,January,1,3,Friday,False
2015-01-17,2015,1,January,1,3,Saturday,True
2015-01-18,2015,1,January,1,3,Sunday,True
2015-01-19,2015,1,January,1,4,Monday,False
2015-01-20,2015,1,January,1,4,Tuesday,False
2015-01-21,2015,1,January,1,4,Wednesday,False
2015-01-22,2015,1,January,1,4,Thursday,False
2015-01-23,2015,1,January,1,4,Friday,False
2015-01-24,2015,1,January,1,4,Saturday,True
2015-01-25,2015,1,January,1,4,Sunday,True
2015-01-26,2015,1,January,1,5,Monday,False
2015-01-27,2015,1,January,1,5,Tuesday,False
2015-01-28,2015,1,January,1,5,Wednesday,False
2015-01-29,2015,1,January,1,5,Thursday,False
2015-01-30,2015,1,January,1,5,Friday,False
2015-01-31,2015,1,January,1,5,Saturday,True
2015-02-01,2015,2,February,1,5,Sunday,True
2015-02-02,2015,2,February,1,6,Monday,False
2015-02-03,2015,2,February,1,6,Tuesday,False
2015-02-04,2015,2,February,1,6,Wednesday,False
2015-02-05,2015,2,February,1,6,Thursday,False
2015-02-06,2015,2,February,1,6,Friday,False
2015-02-07,2015,2,February,1,6,Saturday,True
2015-02-08,2015,2,February,1,6,Sunday,True
2015-02-09,2015,2,February,1,7,Monday,False
2015-02-10,2015,2,February,1,7,Tuesday,False
2015-02-11,2015,2,February,1,7,Wednesday,False
2015-02-12,2015,2,February,1,7,Thursday,False
2015-02-13,2015,2,February,1,7,Friday,False
2015-02-14,2015,2,February,1,7,Saturday,True
2015-02-15,2015,2,February,1,7,Sunday,True
2015-02-16,2015,2,February,1,8,Monday,False
2015-02-17,2015,2,February,1,8,Tuesday,False
2015-02-18,2015,2,February,1,8,Wednesday,False
2015-02-19,2015,2,February,1,8,Thursday,False
2015-02-20,2015,2,February,1,8,Friday,False
2015-02-21,2015,2,February,1,8,Saturday,True
2015-02-22,2015,2,February,1,8,Sunday,True
2015-02-23,2015,2,February,1,9,Monday,False
2015-02-24,2015,2,February,1,9,Tuesday,False
2015-02-25,2015,2,February,1,9,Wednesday,False
2015-02-26,2015,2,February,1,9,Thursday,False
2015-02-27,2015,2,February,1,9,Friday,False
2015-02-28,2015,2,February,1,9,Saturday,True
2015-03-01,2015,3,March,1,9,Sunday,True
2015-03-02,2015,3,March,1,10,Monday,False
2015-03-03,2015,3,March,1,10,Tuesday,False
2015-03-04,2015,3,March,1,10,Wednesday,False
2015-03-05,2015,3,March,1,10,Thursday,False
2015-03-06,2015,3,March,1,10,Friday,False
2015-03-07,2015,3,March,1,10,Saturday,True
2015-03-08,2015,3,March,1,10,Sunday,True
2015-03-09,2015,3,March,1,11,Monday,False
2015-03-10,2015,3,March,1,11,Tuesday,False
2015-03-11,2015,3,March,1,11,Wednesday,False
2015-03-12,2015,3,March,1,11,Thursday,False
2015-03-13,2015,3,March,1,11,Friday,False
2015-03-14,2015,3,March,1,11,Saturday,True
2015-03-15,2015,3,March,1,11,Sunday,True
2015-03-16,2015,3,March,1,12,Monday,False
2015-03-17,2015,3,March,1,12,Tuesday,False
2015-03-18,2015,3,March,1,12,Wednesday,False
2015-03-19,2015,3,March,1,12,Thursday,False
2015-03-20,2015,3,March,1,12,Friday,False
2015-03-21,2015,3,March,1,12,Saturday,True
2015-03-22,2015,3,March,1,12,Sunday,True
2015-03-23,2015,3,March,1,13,Monday,False
2015-03-24,2015,3,March,1,13,Tuesday,False
2015-03-25,2015,3,March,1,13,Wednesday,False
2015-03-26,2015,3,March,1,13,Thursday,False
2015-03-27,2015,3,March,1,13,Friday,False
2015-03-28,2015,3,March,1,13,Saturday,True
2015-03-29,2015,3,March,1,13,Sunday,True
2015-03-30,2015,3,March,1,14,Monday,False
2015-03-31,2015,3,March,1,14,Tuesday,False
2015-04-01,2015,4,April,2,14,Wednesday,False
2015-04-02,2015,4,April,2,14,Thursday,False
2015-04-03,2015,4,April,2,14,Friday,False
2015-04-04,2015,4,April,2,14,Saturday,True
2015-04-05,2015,4,April,2,14,Sunday,True
2015-04-06,2015,4,April,2,15,Monday,False
2015-04-07,2015,4,April,2,15,Tuesday,False
2015-04-08,2015,4,April,2,15,Wednesday,False
2015-04-09,2015,4,April,2,15,Thursday,False
2015-04-10,2015,4,April,2,15,Friday,False
2015-04-11,2015,4,April,2,15,Saturday,True
2015-04-12,2015,4,April,2,15,Sunday,True
2015-04-13,2015,4,April,2,16,Monday,False
2015-04-14,2015,4,April,2,16,Tuesday,False
2015-04-15,2015,4,April,2,16,Wednesday,False
2015-04-16,2015,4,April,2,16,Thursday,False
2015-04-17,2015,4,April,2,16,Friday,False
2015-04-18,2015,4,April,2,16,Saturday,True
2015-04-19,2015,4,April,2,16,Sunday,True
2015-04-20,2015,4,April,2,17,Monday,False
2015-04-21,2015,4,April,2,17,Tuesday,False
2015-04-22,2015,4,April,2,17,Wednesday,False
2015-04-23,2015,4,April,2,17,Thursday,False
2015-04-24,2015,4,April,2,17,Friday,False
2015-04-25,2015,4,April,2,17,Saturday,True
2015-04-26,2015,4,April,2,17,Sunday,True
2015-04-27,2015,4,April,2,18,Monday,False
2015-04-28,2015,4,April,2,18,Tuesday,False
2015-04-29,2015,4,April,2,18,Wednesday,False
2015-04-30,2015,4,April,2,18,Thursday,False
2015-05-01,2015,5,May,2,18,Friday,False
2015-05-02,2015,5,May,2,18,Saturday,True
2015-05-03,2015,5,May,2,18,Sunday,True
2015-05-04,2015,5,May,2,19,Monday,False
2015-05-05,2015,5,May,2,19,Tuesday,False
2015-05-06,2015,5,May,2,19,Wednesday,False
2015-05-07,2015,5,May,2,19,Thursday,False
2015-05-08,2015,5,May,2,19,Friday,False
2015-05-09,2015,5,May,2,19,Saturday,True
2015-05-10,2015,5,May,2,19,Sunday,True
2015-05-11,2015,5,May,2,20,Monday,False
2015-05-12,2015,5,May,2,20,Tuesday,False
2015-05-13,2015,5,May,2,20,Wednesday,False
2015-05-14,2015,5,May,2,20,Thursday,False
2015-05-15,2015,5,May,2,20,Friday,False
2015-05-16,2015,5,May,2,20,Saturday,True
2015-05-17,2015,5,May,2,20,Sunday,True
2015-05-18,2015,5,May,2,21,Monday,False
2015-05-19,2015,5,May,2,21,Tuesday,False
2015-05-20,2015,5,May,2,21,Wednesday,False
2015-05-21,2015,5,May,2,21,Thursday,False
2015-05-22,2015,5,May,2,21,Friday,False
2015-05-23,2015,5,May,2,21,Saturday,True
2015-05-24,2015,5,May,2,21,Sunday,True
2015-05-25,2015,5,May,2,22,Monday,False
2015-05-26,2015,5,May,2,22,Tuesday,False
2015-05-27,2015,5,May,2,22,Wednesday,False
2015-05-28,2015,5,May,2,22,Thursday,False
2015-05-29,2015,5,May,2,22,Friday,False
2015-05-30,2015,5,May,2,22,Saturday,True
2015-05-31,2015,5,May,2,22,Sunday,True
2015-06-01,2015,6,June,2,23,Monday,False
2015-06-02,2015,6,June,2,23,Tuesday,False
2015-06-03,2015,6,June,2,23,Wednesday,False
2015-06-04,2015,6,June,2,23,Thursday,False
2015-06-05,2015,6,June,2,23,Friday,False
2015-06-06,2015,6,June,2,23,Saturday,True
2015-06-07,2015,6,June,2,23,Sunday,True
2015-06-08,2015,6,June,2,24,Monday,False
2015-06-09,2015,6,June,2,24,Tuesday,False
2015-06-10,2015,6,June,2,24,Wednesday,False
2015-06-11,2015,6,June,2,24,Thursday,False
2015-06-12,2015,6,June,2,24,Friday,False
2015-06-13,2015,6,June,2,24,Saturday,True
2015-06-14,2015,6,June,2,24,Sunday,True
2015-06-15,2015,6,June,2,25,Monday,False
2015-06-16,2015,6,June,2,25,Tuesday,False
2015-06-17,2015,6,June,2,25,Wednesday,False
2015-06-18,2015,6,June,2,25,Thursday,False
2015-06-19,2015,6,June,2,25,Friday,False
2015-06-20,2015,6,June,2,25,Saturday,True
2015-06-21,2015,6,June,2,25,Sunday,True
2015-06-22,2015,6,June,2,26,Monday,False
2015-06-23,2015,6,June,2,26,Tuesday,False
2015-06-24,2015,6,June,2,26,Wednesday,False
2015-06-25,2015,6,June,2,26,Thursday,False
2015-06-26,2015,6,June,2,26,Friday,False
2015-06-27,2015,6,June,2,26,Saturday,True
2015-06-28,2015,6,June,2,26,Sunday,True
2015-06-29,2015,6,June,2,27,Monday,False
2015-06-30,2015,6,June,2,27,Tuesday,False
2015-07-01,2015,7,July,3,27,Wednesday,False
2015-07-02,2015,7,July,3,27,Thursday,False
2015-07-03,2015,7,July,3,27,Friday,False
2015-07-04,2015,7,July,3,27,Saturday,True
2015-07-05,2015,7,July,3,27,Sunday,True
2015-07-06,2015,7,July,3,28,Monday,False
2015-07-07,2015,7,July,3,28,Tuesday,False
2015-07-08,2015,7,July,3,28,Wednesday,False
2015-07-09,2015,7,July,3,28,Thursday,False
2015-07-10,2015,7,July,3,28,Friday,False
2015-07-11,2015,7,July,3,28,Saturday,True
2015-07-12,2015,7,July,3,28,Sunday,True
2015-07-13,2015,7,July,3,29,Monday,False
2015-07-14,2015,7,July,3,29,Tuesday,False
2015-07-15,2015,7,July,3,29,Wednesday,False
2015-07-16,2015,7,July,3,29,Thursday,False
2015-07-17,2015,7,July,3,29,Friday,False
2015-07-18,2015,7,July,3,29,Saturday,True
2015-07-19,2015,7,July,3,29,Sunday,True
2015-07-20,2015,7,July,3,30,Monday,False
2015-07-21,2015,7,July,3,30,Tuesday,False
2015-07-22,2015,7,July,3,30,Wednesday,False
2015-07-23,2015,7,July,3,30,Thursday,False
2015-07-24,2015,7,July,3,30,Friday,False
2015-07-25,2015,7,July,3,30,Saturday,True
2015-07-26,2015,7,July,3,30,Sunday,True
2015-07-27,2015,7,July,3,31,Monday,False
2015-07-28,2015,7,July,3,31,Tuesday,False
2015-07-29,2015,7,July,3,31,Wednesday,False
2015-07-30,2015,7,July,3,31,Thursday,False
2015-07-31,2015,7,July,3,31,Friday,False
2015-08-01,2015,8,August,3,31,Saturday,True
2015-08-02,2015,8,August,3,31,Sunday,True
2015-08-03,2015,8,August,3,32,Monday,False
2015-08-04,2015,8,August,3,32,Tuesday,False
2015-08-05,2015,8,August,3,32,Wednesday,False
2015-08-06,2015,8,August,3,32,Thursday,False
2015-08-07,2015,8,August,3,32,Friday,False
2015-08-08,2015,8,August,3,32,Saturday,True
2015-08-09,2015,8,August,3,32,Sunday,True
2015-08-10,2015,8,August,3,33,Monday,False
2015-08-11,2015,8,August,3,33,Tuesday,False
2015-08-12,2015,8,August,3,33,Wednesday,False
2015-08-13,2015,8,August,3,33,Thursday,False
2015-08-14,2015,8,August,3,33,Friday,False
2015-08-15,2015,8,August,3,33,Saturday,True
2015-08-16,2015,8,August,3,33,Sunday,True
2015-08-17,2015,8,August,3,34,Monday,False
2015-08-18,2015,8,August,3,34,Tuesday,False
2015-08-19,2015,8,August,3,34,Wednesday,False
2015-08-20,2015,8,August,3,34,Thursday,False
2015-08-21,2015,8,August,3,34,Friday,False
2015-08-22,2015,8,August,3,34,Saturday,True
2015-08-23,2015,8,August,3,34,Sunday,True
2015-08-24,2015,8,August,3,35,Monday,False
2015-08-25,2015,8,August,3,35,Tuesday,False
2015-08-26,2015,8,August,3,35,Wednesday,False
2015-08-27,2015,8,August,3,35,Thursday,False
2015-08-28,2015,8,August,3,35,Friday,False
2015-08-29,2015,8,August,3,35,Saturday,True
2015-08-30,2015,8,August,3,35,Sunday,True
2015-08-31,2015,8,August,3,36,Monday,False
2015-09-01,2015,9,September,3,36,Tuesday,False
2015-09-02,2015,9,September,3,36,Wednesday,False
2015-09-03,2015,9,September,3,36,Thursday,False
2015-09-04,2015,9,September,3,36,Friday,False
2015-09-05,2015,9,September,3,36,Saturday,True
2015-09-06,2015,9,September,3,36,Sunday,True
2015-09-07,2015,9,September,3,37,Monday,False
2015-09-08,2015,9,September,3,37,Tuesday,False
2015-09-09,2015,9,September,3,37,Wednesday,False
2015-09-10,2015,9,September,3,37,Thursday,False
2015-09-11,2015,9,September,3,37,Friday,False
2015-09-12,2015,9,September,3,37,Saturday,True
2015-09-13,2015,9,September,3,37,Sunday,True
2015-09-14,2015,9,September,3,38,Monday,False
2015-09-15,2015,9,September,3,38,Tuesday,False
2015-09-16,2015,9,September,3,38,Wednesday,False
2015-09-17,2015,9,September,3,38,Thursday,False
2015-09-18,2015,9,September,3,38,Friday,False
2015-09-19,2015,9,September,3,38,Saturday,True
2015-09-20,2015,9,September,3,38,Sunday,True
2015-09-21,2015,9,September,3,39,Monday,False
2015-09-22,2015,9,September,3,39,Tuesday,False
2015-09-23,2015,9,September,3,39,Wednesday,False
2015-09-24,2015,9,September,3,39,Thursday,False
2015-09-25,2015,9,September,3,39,Friday,False
2015-09-26,2015,9,September,3,39,Saturday,True
2015-09-27,2015,9,September,3,39,Sunday,True
2015-09-28,2015,9,September,3,40,Monday,False
2015-09-29,2015,9,September,3,40,Tuesday,False
2015-09-30,2015,9,September,3,40,Wednesday,False
2015-10-01,2015,10,October,4,40,Thursday,False
2015-10-02,2015,10,October,4,40,Friday,False
2015-10-03,2015,10,October,4,40,Saturday,True
2015-10-04,2015,10,October,4,40,Sunday,True
2015-10-05,2015,10,October,4,41,Monday,False
2015-10-06,2015,10,October,4,41,Tuesday,False
2015-10-07,2015,10,October,4,41,Wednesday,False
2015-10-08,2015,10,October,4,41,Thursday,False
2015-10-09,2015,10,October,4,41,Friday,False
2015-10-10,2015,10,October,4,41,Saturday,True
2015-10-11,2015,10,October,4,41,Sunday,True
2015-10-12,2015,10,October,4,42,Monday,False
2015-10-13,2015,10,October,4,42,Tuesday,False
2015-10-14,2015,10,October,4,42,Wednesday,False
2015-10-15,2015,10,October,4,42,Thursday,False
2015-10-16,2015,10,October,4,42,Friday,False
2015-10-17,2015,10,October,4,42,Saturday,True
2015-10-18,2015,10,October,4,42,Sunday,True
2015-10-19,2015,10,October,4,43,Monday,False
2015-10-20,2015,10,October,4,43,Tuesday,False
2015-10-21,2015,10,October,4,43,Wednesday,False
2015-10-22,2015,10,October,4,43,Thursday,False
2015-10-23,2015,10,October,4,43,Friday,False
2015-10-24,2015,10,October,4,43,Saturday,True
2015-10-25,2015,10,October,4,43,Sunday,True
2015-10-26,2015,10,October,4,44,Monday,False
2015-10-27,2015,10,October,4,44,Tuesday,False
2015-10-28,2015,10,October,4,44,Wednesday,False
2015-10-29,2015,10,October,4,44,Thursday,False
2015-10-30,2015,10,October,4,44,Friday,False
2015-10-31,2015,10,October,4,44,Saturday,True
2015-11-01,2015,11,November,4,44,Sunday,True
2015-11-02,2015,11,November,4,45,Monday,False
2015-11-03,2015,11,November,4,45,Tuesday,False
2015-11-04,2015,11,November,4,45,Wednesday,False
2015-11-05,2015,11,November,4,45,Thursday,False
2015-11-06,2015,11,November,4,45,Friday,False
2015-11-07,2015,11,November,4,45,Saturday,True
2015-11-08,2015,11,November,4,45,Sunday,True
2015-11-09,2015,11,November,4,46,Monday,False
2015-11-10,2015,11,November,4,46,Tuesday,False
2015-11-11,2015,11,November,4,46,Wednesday,False
2015-11-12,2015,11,November,4,46,Thursday,False
2015-11-13,2015,11,November,4,46,Friday,False
2015-11-14,2015,11,November,4,46,Saturday,True
2015-11-15,2015,11,November,4,46,Sunday,True
2015-11-16,2015,11,November,4,47,Monday,False
2015-11-17,2015,11,November,4,47,Tuesday,False
2015-11-18,2015,11,November,4,47,Wednesday,False
2015-11-19,2015,11,November,4,47,Thursday,False
2015-11-20,2015,11,November,4,47,Friday,False
2015-11-21,2015,11,November,4,47,Saturday,True
2015-11-22,2015,11,November,4,47,Sunday,True
2015-11-23,2015,11,November,4,48,Monday,False
2015-11-24,2015,11,November,4,48,Tuesday,False
2015-11-25,2015,11,November,4,48,Wednesday,False
2015-11-26,2015,11,November,4,48,Thursday,False
2015-11-27,2015,11,November,4,48,Friday,False
2015-11-28,2015,11,November,4,48,Saturday,True
2015-11-29,2015,11,November,4,48,Sunday,True
2015-11-30,2015,11,November,4,49,Monday,False
2015-12-01,2015,12,December,4,49,Tuesday,False
2015-12-02,2015,12,December,4,49,Wednesday,False
2015-12-03,2015,12,December,4,49,Thursday,False
2015-12-04,2015,12,December,4,49,Friday,False
2015-12-05,2015,12,December,4,49,Saturday,True
2015-12-06,2015,12,December,4,49,Sunday,True
2015-12-07,2015,12,December,4,50,Monday,False
2015-12-08,2015,12,December,4,50,Tuesday,False
2015-12-09,2015,12,December,4,50,Wednesday,False
2015-12-10,2015,12,December,4,50,Thursday,False
2015-12-11,2015,12,December,4,50,Friday,False
2015-12-12,2015,12,December,4,50,Saturday,True
2015-12-13,2015,12,December,4,50,Sunday,True
2015-12-14,2015,12,December,4,51,Monday,False
2015-12-15,2015,12,December,4,51,Tuesday,False
2015-12-16,2015,12,December,4,51,Wednesday,False
2015-12-17,2015,12,December,4,51,Thursday,False
2015-12-18,2015,12,December,4,51,Friday,False
2015-12-19,2015,12,December,4,51,Saturday,True
2015-12-20,2015,12,December,4,51,Sunday,True
2015-12-21,2015,12,December,4,52,Monday,False
2015-12-22,2015,12,December,4,52,Tuesday,False
2015-12-23,2015,12,December,4,52,Wednesday,False
2015-12-24,2015,12,December,4,52,Thursday,False
2015-12-25,2015,12,December,4,52,Friday,False
2015-12-26,2015,12,December,4,52,Saturday,True
2015-12-27,2015,12,December,4,52,Sunday,True
2015-12-28,2015,12,December,4,53,Monday,False
2015-12-29,2015,12,December,4,53,Tuesday,False
2015-12-30,2015,12,December,4,53,Wednesday,False
2015-12-31,2015,12,December,4,53,Thursday,False
2016-01-01,2016,1,January,1,53,Friday,False
2016-01-02,2016,1,January,1,53,Saturday,True
2016-01-03,2016,1,January,1,53,Sunday,True
2016-01-04,2016,1,January,1,1,Monday,False
2016-01-05,2016,1,January,1,1,Tuesday,False
2016-01-06,2016,1,January,1,1,Wednesday,False
2016-01-07,2016,1,January,1,1,Thursday,False
2016-01-08,2016,1,January,1,1,Friday,False
2016-01-09,2016,1,January,1,1,Saturday,True
2016-01-10,2016,1,January,1,1,Sunday,True
2016-01-11,2016,1,January,1,2,Monday,False
2016-01-12,2016,1,January,1,2,Tuesday,False
2016-01-13,2016,1,January,1,2,Wednesday,False
2016-01-14,2016,1,January,1,2,Thursday,False
2016-01-15,2016,1,January,1,2,Friday,False
2016-01-16,2016,1,January,1,2,Saturday,True
2016-01-17,2016,1,January,1,2,Sunday,True
2016-01-18,2016,1,January,1,3,Monday,False
2016-01-19,2016,1,January,1,3,Tuesday,False
2016-01-20,2016,1,January,1,3,Wednesday,False
2016-01-21,2016,1,January,1,3,Thursday,False
2016-01-22,2016,1,January,1,3,Friday,False
2016-01-23,2016,1,January,1,3,Saturday,True
2016-01-24,2016,1,January,1,3,Sunday,True
2016-01-25,2016,1,January,1,4,Monday,False
2016-01-26,2016,1,January,1,4,Tuesday,False
2016-01-27,2016,1,January,1,4,Wednesday,False
2016-01-28,2016,1,January,1,4,Thursday,False
2016-01-29,2016,1,January,1,4,Friday,False
2016-01-30,2016,1,January,1,4,Saturday,True
2016-01-31,2016,1,January,1,4,Sunday,True
2016-02-01,2016,2,February,1,5,Monday,False
2016-02-02,2016,2,February,1,5,Tuesday,False
2016-02-03,2016,2,February,1,5,Wednesday,False
2016-02-04,2016,2,February,1,5,Thursday,False
2016-02-05,2016,2,February,1,5,Friday,False
2016-02-06,2016,2,February,1,5,Saturday,True
2016-02-07,2016,2,February,1,5,Sunday,True
2016-02-08,2016,2,February,1,6,Monday,False
2016-02-09,2016,2,February,1,6,Tuesday,False
2016-02-10,2016,2,February,1,6,Wednesday,False
2016-02-11,2016,2,February,1,6,Thursday,False
2016-02-12,2016,2,February,1,6,Friday,False
2016-02-13,2016,2,February,1,6,Saturday,True
2016-02-14,2016,2,February,1,6,Sunday,True
2016-02-15,2016,2,February,1,7,Monday,False
2016-02-16,2016,2,February,1,7,Tuesday,False
2016-02-17,2016,2,February,1,7,Wednesday,False
2016-02-18,2016,2,February,1,7,Thursday,False
2016-02-19,2016,2,February,1,7,Friday,False
2016-02-20,2016,2,February,1,7,Saturday,True
2016-02-21,2016,2,February,1,7,Sunday,True
2016-02-22,2016,2,February,1,8,Monday,False
2016-02-23,2016,2,February,1,8,Tuesday,False
2016-02-24,2016,2,February,1,8,Wednesday,False
2016-02-25,2016,2,February,1,8,Thursday,False
2016-02-26,2016,2,February,1,8,Friday,False
2016-02-27,2016,2,February,1,8,Saturday,True
2016-02-28,2016,2,February,1,8,Sunday,True
2016-02-29,2016,2,February,1,9,Monday,False
2016-03-01,2016,3,March,1,9,Tuesday,False
2016-03-02,2016,3,March,1,9,Wednesday,False
2016-03-03,2016,3,March,1,9,Thursday,False
2016-03-04,2016,3,March,1,9,Friday,False
2016-03-05,2016,3,March,1,9,Saturday,True
2016-03-06,2016,3,March,1,9,Sunday,True
2016-03-07,2016,3,March,1,10,Monday,False
2016-03-08,2016,3,March,1,10,Tuesday,False
2016-03-09,2016,3,March,1,10,Wednesday,False
2016-03-10,2016,3,March,1,10,Thursday,False
2016-03-11,2016,3,March,1,10,Friday,False
2016-03-12,2016,3,March,1,10,Saturday,True
2016-03-13,2016,3,March,1,10,Sunday,True
2016-03-14,2016,3,March,1,11,Monday,False
2016-03-15,2016,3,March,1,11,Tuesday,False
2016-03-16,2016,3,March,1,11,Wednesday,False
2016-03-17,2016,3,March,1,11,Thursday,False
2016-03-18,2016,3,March,1,11,Friday,False
2016-03-19,2016,3,March,1,11,Saturday,True
2016-03-20,2016,3,March,1,11,Sunday,True
2016-03-21,2016,3,March,1,12,Monday,False
2016-03-22,2016,3,March,1,12,Tuesday,False
2016-03-23,2016,3,March,1,12,Wednesday,False
2016-03-24,2016,3,March,1,12,Thursday,False
2016-03-25,2016,3,March,1,12,Friday,False
2016-03-26,2016,3,March,1,12,Saturday,True
2016-03-27,2016,3,March,1,12,Sunday,True
2016-03-28,2016,3,March,1,13,Monday,False
2016-03-29,2016,3,March,1,13,Tuesday,False
2016-03-30,2016,3,March,1,13,Wednesday,False
2016-03-31,2016,3,March,1,13,Thursday,False
2016-04-01,2016,4,April,2,13,Friday,False
2016-04-02,2016,4,April,2,13,Saturday,True
2016-04-03,2016,4,April,2,13,Sunday,True
2016-04-04,2016,4,April,2,14,Monday,False
2016-04-05,2016,4,April,2,14,Tuesday,False
2016-04-06,2016,4,April,2,14,Wednesday,False
2016-04-07,2016,4,April,2,14,Thursday,False
2016-04-08,2016,4,April,2,14,Friday,False
2016-04-09,2016,4,April,2,14,Saturday,True
2016-04-10,2016,4,April,2,14,Sunday,True
2016-04-11,2016,4,April,2,15,Monday,False
2016-04-12,2016,4,April,2,15,Tuesday,False
2016-04-13,2016,4,April,2,15,Wednesday,False
2016-04-14,2016,4,April,2,15,Thursday,False
2016-04-15,2016,4,April,2,15,Friday,False
2016-04-16,2016,4,April,2,15,Saturday,True
2016-04-17,2016,4,April,2,15,Sunday,True
2016-04-18,2016,4,April,2,16,Monday,False
2016-04-19,2016,4,April,2,16,Tuesday,False
2016-04-20,2016,4,April,2,16,Wednesday,False
2016-04-21,2016,4,April,2,16,Thursday,False
2016-04-22,2016,4,April,2,16,Friday,False
2016-04-23,2016,4,April,2,16,Saturday,True
2016-04-24,2016,4,April,2,16,Sunday,True
2016-04-25,2016,4,April,2,17,Monday,False
2016-04-26,2016,4,April,2,17,Tuesday,False
2016-04-27,2016,4,April,2,17,Wednesday,False
2016-04-28,2016,4,April,2,17,Thursday,False
2016-04-29,2016,4,April,2,17,Friday,False
2016-04-30,2016,4,April,2,17,Saturday,True
2016-05-01,2016,5,May,2,17,Sunday,True
2016-05-02,2016,5,May,2,18,Monday,False
2016-05-03,2016,5,May,2,18,Tuesday,False
2016-05-04,2016,5,May,2,18,Wednesday,False
2016-05-05,2016,5,May,2,18,Thursday,False
2016-05-06,2016,5,May,2,18,Friday,False
2016-05-07,2016,5,May,2,18,Saturday,True
2016-05-08,2016,5,May,2,18,Sunday,True
2016-05-09,2016,5,May,2,19,Monday,False
2016-05-10,2016,5,May,2,19,Tuesday,False
2016-05-11,2016,5,May,2,19,Wednesday,False
2016-05-12,2016,5,May,2,19,Thursday,False
2016-05-13,2016,5,May,2,19,Friday,False
2016-05-14,2016,5,May,2,19,Saturday,True
2016-05-15,2016,5,May,2,19,Sunday,True
2016-05-16,2016,5,May,2,20,Monday,False
2016-05-17,2016,5,May,2,20,Tuesday,False
2016-05-18,2016,5,May,2,20,Wednesday,False
2016-05-19,2016,5,May,2,20,Thursday,False
2016-05-20,2016,5,May,2,20,Friday,False
2016-05-21,2016,5,May,2,20,Saturday,True
2016-05-22,2016,5,May,2,20,Sunday,True
2016-05-23,2016,5,May,2,21,Monday,False
2016-05-24,2016,5,May,2,21,Tuesday,False
2016-05-25,2016,5,May,2,21,Wednesday,False
2016-05-26,2016,5,May,2,21,Thursday,False
2016-05-27,2016,5,May,2,21,Friday,False
2016-05-28,2016,5,May,2,21,Saturday,True
2016-05-29,2016,5,May,2,21,Sunday,True
2016-05-30,2016,5,May,2,22,Monday,False
2016-05-31,2016,5,May,2,22,Tuesday,False
2016-06-01,2016,6,June,2,22,Wednesday,False
2016-06-02,2016,6,June,2,22,Thursday,False
2016-06-03,2016,6,June,2,22,Friday,False
2016-06-04,2016,6,June,2,22,Saturday,True
2016-06-05,2016,6,June,2,22,Sunday,True
2016-06-06,2016,6,June,2,23,Monday,False
2016-06-07,2016,6,June,2,23,Tuesday,False
2016-06-08,2016,6,June,2,23,Wednesday,False
2016-06-09,2016,6,June,2,23,Thursday,False
2016-06-10,2016,6,June,2,23,Friday,False
2016-06-11,2016,6,June,2,23,Saturday,True
2016-06-12,2016,6,June,2,23,Sunday,True
2016-06-13,2016,6,June,2,24,Monday,False
2016-06-14,2016,6,June,2,24,Tuesday,False
2016-06-15,2016,6,June,2,24,Wednesday,False
2016-06-16,2016,6,June,2,24,Thursday,False
2016-06-17,2016,6,June,2,24,Friday,False
2016-06-18,2016,6,June,2,24,Saturday,True
2016-06-19,2016,6,June,2,24,Sunday,True
2016-06-20,2016,6,June,2,25,Monday,False
2016-06-21,2016,6,June,2,25,Tuesday,False
2016-06-22,2016,6,June,2,25,Wednesday,False
2016-06-23,2016,6,June,2,25,Thursday,False
2016-06-24,2016,6,June,2,25,Friday,False
2016-06-25,2016,6,June,2,25,Saturday,True
2016-06-26,2016,6,June,2,25,Sunday,True
2016-06-27,2016,6,June,2,26,Monday,False
2016-06-28,2016,6,June,2,26,Tuesday,False
2016-06-29,2016,6,June,2,26,Wednesday,False
2016-06-30,2016,6,June,2,26,Thursday,False
2016-07-01,2016,7,July,3,26,Friday,False
2016-07-02,2016,7,July,3,26,Saturday,True
2016-07-03,2016,7,July,3,26,Sunday,True
2016-07-04,2016,7,July,3,27,Monday,False
2016-07-05,2016,7,July,3,27,Tuesday,False
2016-07-06,2016,7,July,3,27,Wednesday,False
2016-07-07,2016,7,July,3,27,Thursday,False
2016-07-08,2016,7,July,3,27,Friday,False
2016-07-09,2016,7,July,3,27,Saturday,True
2016-07-10,2016,7,July,3,27,Sunday,True
2016-07-11,2016,7,July,3,28,Monday,False
2016-07-12,2016,7,July,3,28,Tuesday,False
2016-07-13,2016,7,July,3,28,Wednesday,False
2016-07-14,2016,7,July,3,28,Thursday,False
2016-07-15,2016,7,July,3,28,Friday,False
2016-07-16,2016,7,July,3,28,Saturday,True
2016-07-17,2016,7,July,3,28,Sunday,True
2016-07-18,2016,7,July,3,29,Monday,False
2016-07-19,2016,7,July,3,29,Tuesday,False
2016-07-20,2016,7,July,3,29,Wednesday,False
2016-07-21,2016,7,July,3,29,Thursday,False
2016-07-22,2016,7,July,3,29,Friday,False
2016-07-23,2016,7,July,3,29,Saturday,True
2016-07-24,2016,7,July,3,29,Sunday,True
2016-07-25,2016,7,July,3,30,Monday,False
2016-07-26,2016,7,July,3,30,Tuesday,False
2016-07-27,2016,7,July,3,30,Wednesday,False
2016-07-28,2016,7,July,3,30,Thursday,False
2016-07-29,2016,7,July,3,30,Friday,False
2016-07-30,2016,7,July,3,30,Saturday,True
2016-07-31,2016,7,July,3,30,Sunday,True
2016-08-01,2016,8,August,3,31,Monday,False
2016-08-02,2016,8,August,3,31,Tuesday,False
2016-08-03,2016,8,August,3,31,Wednesday,False
2016-08-04,2016,8,August,3,31,Thursday,False
2016-08-05,2016,8,August,3,31,Friday,False
2016-08-06,2016,8,August,3,31,Saturday,True
2016-08-07,2016,8,August,3,31,Sunday,True
2016-08-08,2016,8,August,3,32,Monday,False
2016-08-09,2016,8,August,3,32,Tuesday,False
2016-08-10,2016,8,August,3,32,Wednesday,False
2016-08-11,2016,8,August,3,32,Thursday,False
2016-08-12,2016,8,August,3,32,Friday,False
2016-08-13,2016,8,August,3,32,Saturday,True
2016-08-14,2016,8,August,3,32,Sunday,True
2016-08-15,2016,8,August,3,33,Monday,False
2016-08-16,2016,8,August,3,33,Tuesday,False
2016-08-17,2016,8,August,3,33,Wednesday,False
2016-08-18,2016,8,August,3,33,Thursday,False
2016-08-19,2016,8,August,3,33,Friday,False
2016-08-20,2016,8,August,3,33,Saturday,True
2016-08-21,2016,8,August,3,33,Sunday,True
2016-08-22,2016,8,August,3,34,Monday,False
2016-08-23,2016,8,August,3,34,Tuesday,False
2016-08-24,2016,8,August,3,34,Wednesday,False
2016-08-25,2016,8,August,3,34,Thursday,False
2016-08-26,2016,8,August,3,34,Friday,False
2016-08-27,2016,8,August,3,34,Saturday,True
2016-08-28,2016,8,August,3,34,Sunday,True
2016-08-29,2016,8,August,3,35,Monday,False
2016-08-30,2016,8,August,3,35,Tuesday,False
2016-08-31,2016,8,August,3,35,Wednesday,False
2016-09-01,2016,9,September,3,35,Thursday,False
2016-09-02,2016,9,September,3,35,Friday,False
2016-09-03,2016,9,September,3,35,Saturday,True
2016-09-04,2016,9,September,3,35,Sunday,True
2016-09-05,2016,9,September,3,36,Monday,False
2016-09-06,2016,9,September,3,36,Tuesday,False
2016-09-07,2016,9,September,3,36,Wednesday,False
2016-09-08,2016,9,September,3,36,Thursday,False
2016-09-09,2016,9,September,3,36,Friday,False
2016-09-10,2016,9,September,3,36,Saturday,True
2016-09-11,2016,9,September,3,36,Sunday,True
2016-09-12,2016,9,September,3,37,Monday,False
2016-09-13,2016,9,September,3,37,Tuesday,False
2016-09-14,2016,9,September,3,37,Wednesday,False
2016-09-15,2016,9,September,3,37,Thursday,False
2016-09-16,2016,9,September,3,37,Friday,False
2016-09-17,2016,9,September,3,37,Saturday,True
2016-09-18,2016,9,September,3,37,Sunday,True
2016-09-19,2016,9,September,3,38,Monday,False
2016-09-20,2016,9,September,3,38,Tuesday,False
2016-09-21,2016,9,September,3,38,Wednesday,False
2016-09-22,2016,9,September,3,38,Thursday,False
2016-09-23,2016,9,September,3,38,Friday,False
2016-09-24,2016,9,September,3,38,Saturday,True
2016-09-25,2016,9,September,3,38,Sunday,True
2016-09-26,2016,9,September,3,39,Monday,False
2016-09-27,2016,9,September,3,39,Tuesday,False
2016-09-28,2016,9,September,3,39,Wednesday,False
2016-09-29,2016,9,September,3,39,Thursday,False
2016-09-30,2016,9,September,3,39,Friday,False
2016-10-01,2016,10,October,4,39,Saturday,True
2016-10-02,2016,10,October,4,39,Sunday,True
2016-10-03,2016,10,October,4,40,Monday,False
2016-10-04,2016,10,October,4,40,Tuesday,False
2016-10-05,2016,10,October,4,40,Wednesday,False
2016-10-06,2016,10,October,4,40,Thursday,False
2016-10-07,2016,10,October,4,40,Friday,False
2016-10-08,2016,10,October,4,40,Saturday,True
2016-10-09,2016,10,October,4,40,Sunday,True
2016-10-10,2016,10,October,4,41,Monday,False
2016-10-11,2016,10,October,4,41,Tuesday,False
2016-10-12,2016,10,October,4,41,Wednesday,False
2016-10-13,2016,10,October,4,41,Thursday,False
2016-10-14,2016,10,October,4,41,Friday,False
2016-10-15,2016,10,October,4,41,Saturday,True
2016-10-16,2016,10,October,4,41,Sunday,True
2016-10-17,2016,10,October,4,42,Monday,False
2016-10-18,2016,10,October,4,42,Tuesday,False
2016-10-19,2016,10,October,4,42,Wednesday,False
2016-10-20,2016,10,October,4,42,Thursday,False
2016-10-21,2016,10,October,4,42,Friday,False
2016-10-22,2016,10,October,4,42,Saturday,True
2016-10-23,2016,10,October,4,42,Sunday,True
2016-10-24,2016,10,October,4,43,Monday,False
2016-10-25,2016,10,October,4,43,Tuesday,False
2016-10-26,2016,10,October,4,43,Wednesday,False
2016-10-27,2016,10,October,4,43,Thursday,False
2016-10-28,2016,10,October,4,43,Friday,False
2016-10-29,2016,10,October,4,43,Saturday,True
2016-10-30,2016,10,October,4,43,Sunday,True
2016-10-31,2016,10,October,4,44,Monday,False
2016-11-01,2016,11,November,4,44,Tuesday,False
2016-11-02,2016,11,November,4,44,Wednesday,False
2016-11-03,2016,11,November,4,44,Thursday,False
2016-11-04,2016,11,November,4,44,Friday,False
2016-11-05,2016,11,November,4,44,Saturday,True
2016-11-06,2016,11,November,4,44,Sunday,True
2016-11-07,2016,11,November,4,45,Monday,False
2016-11-08,2016,11,November,4,45,Tuesday,False
2016-11-09,2016,11,November,4,45,Wednesday,False
2016-11-10,2016,11,November,4,45,Thursday,False
2016-11-11,2016,11,November,4,45,Friday,False
2016-11-12,2016,11,November,4,45,Saturday,True
2016-11-13,2016,11,November,4,45,Sunday,True
2016-11-14,2016,11,November,4,46,Monday,False
2016-11-15,2016,11,November,4,46,Tuesday,False
2016-11-16,2016,11,November,4,46,Wednesday,False
2016-11-17,2016,11,November,4,46,Thursday,False
2016-11-18,2016,11,November,4,46,Friday,False
2016-11-19,2016,11,November,4,46,Saturday,True
2016-11-20,2016,11,November,4,46,Sunday,True
2016-11-21,2016,11,November,4,47,Monday,False
2016-11-22,2016,11,November,4,47,Tuesday,False
2016-11-23,2016,11,November,4,47,Wednesday,False
2016-11-24,2016,11,November,4,47,Thursday,False
2016-11-25,2016,11,November,4,47,Friday,False
2016-11-26,2016,11,November,4,47,Saturday,True
2016-11-27,2016,11,November,4,47,Sunday,True
2016-11-28,2016,11,November,4,48,Monday,False
2016-11-29,2016,11,November,4,48,Tuesday,False
2016-11-30,2016,11,November,4,48,Wednesday,False
2016-12-01,2016,12,December,4,48,Thursday,False
2016-12-02,2016,12,December,4,48,Friday,False
2016-12-03,2016,12,December,4,48,Saturday,True
2016-12-04,2016,12,December,4,48,Sunday,True
2016-12-05,2016,12,December,4,49,Monday,False
2016-12-06,2016,12,December,4,49,Tuesday,False
2016-12-07,2016,12,December,4,49,Wednesday,False
2016-12-08,2016,12,December,4,49,Thursday,False
2016-12-09,2016,12,December,4,49,Friday,False
2016-12-10,2016,12,December,4,49,Saturday,True
2016-12-11,2016,12,December,4,49,Sunday,True
2016-12-12,2016,12,December,4,50,Monday,False
2016-12-13,2016,12,December,4,50,Tuesday,False
2016-12-14,2016,12,December,4,50,Wednesday,False
2016-12-15,2016,12,December,4,50,Thursday,False
2016-12-16,2016,12,December,4,50,Friday,False
2016-12-17,2016,12,December,4,50,Saturday,True
2016-12-18,2016,12,December,4,50,Sunday,True
2016-12-19,2016,12,December,4,51,Monday,False
2016-12-20,2016,12,December,4,51,Tuesday,False
2016-12-21,2016,12,December,4,51,Wednesday,False
2016-12-22,2016,12,December,4,51,Thursday,False
2016-12-23,2016,12,December,4,51,Friday,False
2016-12-24,2016,12,December,4,51,Saturday,True
2016-12-25,2016,12,December,4,51,Sunday,True
2016-12-26,2016,12,December,4,52,Monday,False
2016-12-27,2016,12,December,4,52,Tuesday,False
2016-12-28,2016,12,December,4,52,Wednesday,False
2016-12-29,2016,12,December,4,52,Thursday,False
2016-12-30,2016,12,December,4,52,Friday,False
2016-12-31,2016,12,December,4,52,Saturday,True
2017-01-01,2017,1,January,1,52,Sunday,True
2017-01-02,2017,1,January,1,1,Monday,False
2017-01-03,2017,1,January,1,1,Tuesday,False
2017-01-04,2017,1,January,1,1,Wednesday,False
2017-01-05,2017,1,January,1,1,Thursday,False
2017-01-06,2017,1,January,1,1,Friday,False
2017-01-07,2017,1,January,1,1,Saturday,True
2017-01-08,2017,1,January,1,1,Sunday,True
2017-01-09,2017,1,January,1,2,Monday,False
2017-01-10,2017,1,January,1,2,Tuesday,False
2017-01-11,2017,1,January,1,2,Wednesday,False
2017-01-12,2017,1,January,1,2,Thursday,False
2017-01-13,2017,1,January,1,2,Friday,False
2017-01-14,2017,1,January,1,2,Saturday,True
2017-01-15,2017,1,January,1,2,Sunday,True
2017-01-16,2017,1,January,1,3,Monday,False
2017-01-17,2017,1,January,1,3,Tuesday,False
2017-01-18,2017,1,January,1,3,Wednesday,False
2017-01-19,2017,1,January,1,3,Thursday,False
2017-01-20,2017,1,January,1,3,Friday,False
2017-01-21,2017,1,January,1,3,Saturday,True
2017-01-22,2017,1,January,1,3,Sunday,True
2017-01-23,2017,1,January,1,4,Monday,False
2017-01-24,2017,1,January,1,4,Tuesday,False
2017-01-25,2017,1,January,1,4,Wednesday,False
2017-01-26,2017,1,January,1,4,Thursday,False
2017-01-27,2017,1,January,1,4,Friday,False
2017-01-28,2017,1,January,1,4,Saturday,True
2017-01-29,2017,1,January,1,4,Sunday,True
2017-01-30,2017,1,January,1,5,Monday,False
2017-01-31,2017,1,January,1,5,Tuesday,False
2017-02-01,2017,2,February,1,5,Wednesday,False
2017-02-02,2017,2,February,1,5,Thursday,False
2017-02-03,2017,2,February,1,5,Friday,False
2017-02-04,2017,2,February,1,5,Saturday,True
2017-02-05,2017,2,February,1,5,Sunday,True
2017-02-06,2017,2,February,1,6,Monday,False
2017-02-07,2017,2,February,1,6,Tuesday,False
2017-02-08,2017,2,February,1,6,Wednesday,False
2017-02-09,2017,2,February,1,6,Thursday,False
2017-02-10,2017,2,February,1,6,Friday,False
2017-02-11,2017,2,February,1,6,Saturday,True
2017-02-12,2017,2,February,1,6,Sunday,True
2017-02-13,2017,2,February,1,7,Monday,False
2017-02-14,2017,2,February,1,7,Tuesday,False
2017-02-15,2017,2,February,1,7,Wednesday,False
2017-02-16,2017,2,February,1,7,Thursday,False
2017-02-17,2017,2,February,1,7,Friday,False
2017-02-18,2017,2,February,1,7,Saturday,True
2017-02-19,2017,2,February,1,7,Sunday,True
2017-02-20,2017,2,February,1,8,Monday,False
2017-02-21,2017,2,February,1,8,Tuesday,False
2017-02-22,2017,2,February,1,8,Wednesday,False
2017-02-23,2017,2,February,1,8,Thursday,False
2017-02-24,2017,2,February,1,8,Friday,False
2017-02-25,2017,2,February,1,8,Saturday,True
2017-02-26,2017,2,February,1,8,Sunday,True
2017-02-27,2017,2,February,1,9,Monday,False
2017-02-28,2017,2,February,1,9,Tuesday,False
2017-03-01,2017,3,March,1,9,Wednesday,False
2017-03-02,2017,3,March,1,9,Thursday,False
2017-03-03,2017,3,March,1,9,Friday,False
2017-03-04,2017,3,March,1,9,Saturday,True
2017-03-05,2017,3,March,1,9,Sunday,True
2017-03-06,2017,3,March,1,10,Monday,False
2017-03-07,2017,3,March,1,10,Tuesday,False
2017-03-08,2017,3,March,1,10,Wednesday,False
2017-03-09,2017,3,March,1,10,Thursday,False
2017-03-10,2017,3,March,1,10,Friday,False
2017-03-11,2017,3,March,1,10,Saturday,True
2017-03-12,2017,3,March,1,10,Sunday,True
2017-03-13,2017,3,March,1,11,Monday,False
2017-03-14,2017,3,March,1,11,Tuesday,False
2017-03-15,2017,3,March,1,11,Wednesday,False
2017-03-16,2017,3,March,1,11,Thursday,False
2017-03-17,2017,3,March,1,11,Friday,False
2017-03-18,2017,3,March,1,11,Saturday,True
2017-03-19,2017,3,March,1,11,Sunday,True
2017-03-20,2017,3,March,1,12,Monday,False
2017-03-21,2017,3,March,1,12,Tuesday,False
2017-03-22,2017,3,March,1,12,Wednesday,False
2017-03-23,2017,3,March,1,12,Thursday,False
2017-03-24,2017,3,March,1,12,Friday,False
2017-03-25,2017,3,March,1,12,Saturday,True
2017-03-26,2017,3,March,1,12,Sunday,True
2017-03-27,2017,3,March,1,13,Monday,False
2017-03-28,2017,3,March,1,13,Tuesday,False
2017-03-29,2017,3,March,1,13,Wednesday,False
2017-03-30,2017,3,March,1,13,Thursday,False
2017-03-31,2017,3,March,1,13,Friday,False
2017-04-01,2017,4,April,2,13,Saturday,True
2017-04-02,2017,4,April,2,13,Sunday,True
2017-04-03,2017,4,April,2,14,Monday,False
2017-04-04,2017,4,April,2,14,Tuesday,False
2017-04-05,2017,4,April,2,14,Wednesday,False
2017-04-06,2017,4,April,2,14,Thursday,False
2017-04-07,2017,4,April,2,14,Friday,False
2017-04-08,2017,4,April,2,14,Saturday,True
2017-04-09,2017,4,April,2,14,Sunday,True
2017-04-10,2017,4,April,2,15,Monday,False
2017-04-11,2017,4,April,2,15,Tuesday,False
2017-04-12,2017,4,April,2,15,Wednesday,False
2017-04-13,2017,4,April,2,15,Thursday,False
2017-04-14,2017,4,April,2,15,Friday,False
2017-04-15,2017,4,April,2,15,Saturday,True
2017-04-16,2017,4,April,2,15,Sunday,True
2017-04-17,2017,4,April,2,16,Monday,False
2017-04-18,2017,4,April,2,16,Tuesday,False
2017-04-19,2017,4,April,2,16,Wednesday,False
2017-04-20,2017,4,April,2,16,Thursday,False
2017-04-21,2017,4,April,2,16,Friday,False
2017-04-22,2017,4,April,2,16,Saturday,True
2017-04-23,2017,4,April,2,16,Sunday,True
2017-04-24,2017,4,April,2,17,Monday,False
2017-04-25,2017,4,April,2,17,Tuesday,False
2017-04-26,2017,4,April,2,17,Wednesday,False
2017-04-27,2017,4,April,2,17,Thursday,False
2017-04-28,2017,4,April,2,17,Friday,False
2017-04-29,2017,4,April,2,17,Saturday,True
2017-04-30,2017,4,April,2,17,Sunday,True
2017-05-01,2017,5,May,2,18,Monday,False
2017-05-02,2017,5,May,2,18,Tuesday,False
2017-05-03,2017,5,May,2,18,Wednesday,False
2017-05-04,2017,5,May,2,18,Thursday,False
2017-05-05,2017,5,May,2,18,Friday,False
2017-05-06,2017,5,May,2,18,Saturday,True
2017-05-07,2017,5,May,2,18,Sunday,True
2017-05-08,2017,5,May,2,19,Monday,False
2017-05-09,2017,5,May,2,19,Tuesday,False
2017-05-10,2017,5,May,2,19,Wednesday,False
2017-05-11,2017,5,May,2,19,Thursday,False
2017-05-12,2017,5,May,2,19,Friday,False
2017-05-13,2017,5,May,2,19,Saturday,True
2017-05-14,2017,5,May,2,19,Sunday,True
2017-05-15,2017,5,May,2,20,Monday,False
2017-05-16,2017,5,May,2,20,Tuesday,False
2017-05-17,2017,5,May,2,20,Wednesday,False
2017-05-18,2017,5,May,2,20,Thursday,False
2017-05-19,2017,5,May,2,20,Friday,False
2017-05-20,2017,5,May,2,20,Saturday,True
2017-05-21,2017,5,May,2,20,Sunday,True
2017-05-22,2017,5,May,2,21,Monday,False
2017-05-23,2017,5,May,2,21,Tuesday,False
2017-05-24,2017,5,May,2,21,Wednesday,False
2017-05-25,2017,5,May,2,21,Thursday,False
2017-05-26,2017,5,May,2,21,Friday,False
2017-05-27,2017,5,May,2,21,Saturday,True
2017-05-28,2017,5,May,2,21,Sunday,True
2017-05-29,2017,5,May,2,22,Monday,False
2017-05-30,2017,5,May,2,22,Tuesday,False
2017-05-31,2017,5,May,2,22,Wednesday,False
2017-06-01,2017,6,June,2,22,Thursday,False
2017-06-02,2017,6,June,2,22,Friday,False
2017-06-03,2017,6,June,2,22,Saturday,True
2017-06-04,2017,6,June,2,22,Sunday,True
2017-06-05,2017,6,June,2,23,Monday,False
2017-06-06,2017,6,June,2,23,Tuesday,False
2017-06-07,2017,6,June,2,23,Wednesday,False
2017-06-08,2017,6,June,2,23,Thursday,False
2017-06-09,2017,6,June,2,23,Friday,False
2017-06-10,2017,6,June,2,23,Saturday,True
2017-06-11,2017,6,June,2,23,Sunday,True
2017-06-12,2017,6,June,2,24,Monday,False
2017-06-13,2017,6,June,2,24,Tuesday,False
2017-06-14,2017,6,June,2,24,Wednesday,False
2017-06-15,2017,6,June,2,24,Thursday,False
2017-06-16,2017,6,June,2,24,Friday,False
2017-06-17,2017,6,June,2,24,Saturday,True
2017-06-18,2017,6,June,2,24,Sunday,True
2017-06-19,2017,6,June,2,25,Monday,False
2017-06-20,2017,6,June,2,25,Tuesday,False
2017-06-21,2017,6,June,2,25,Wednesday,False
2017-06-22,2017,6,June,2,25,Thursday,False
2017-06-23,2017,6,June,2,25,Friday,False
2017-06-24,2017,6,June,2,25,Saturday,True
2017-06-25,2017,6,June,2,25,Sunday,True
2017-06-26,2017,6,June,2,26,Monday,False
2017-06-27,2017,6,June,2,26,Tuesday,False
2017-06-28,2017,6,June,2,26,Wednesday,False
2017-06-29,2017,6,June,2,26,Thursday,False
2017-06-30,2017,6,June,2,26,Friday,False
2017-07-01,2017,7,July,3,26,Saturday,True
2017-07-02,2017,7,July,3,26,Sunday,True
2017-07-03,2017,7,July,3,27,Monday,False
2017-07-04,2017,7,July,3,27,Tuesday,False
2017-07-05,2017,7,July,3,27,Wednesday,False
2017-07-06,2017,7,July,3,27,Thursday,False
2017-07-07,2017,7,July,3,27,Friday,False
2017-07-08,2017,7,July,3,27,Saturday,True
2017-07-09,2017,7,July,3,27,Sunday,True
2017-07-10,2017,7,July,3,28,Monday,False
2017-07-11,2017,7,July,3,28,Tuesday,False
2017-07-12,2017,7,July,3,28,Wednesday,False
2017-07-13,2017,7,July,3,28,Thursday,False
2017-07-14,2017,7,July,3,28,Friday,False
2017-07-15,2017,7,July,3,28,Saturday,True
2017-07-16,2017,7,July,3,28,Sunday,True
2017-07-17,2017,7,July,3,29,Monday,False
2017-07-18,2017,7,July,3,29,Tuesday,False
2017-07-19,2017,7,July,3,29,Wednesday,False
2017-07-20,2017,7,July,3,29,Thursday,False
2017-07-21,2017,7,July,3,29,Friday,False
2017-07-22,2017,7,July,3,29,Saturday,True
2017-07-23,2017,7,July,3,29,Sunday,True
2017-07-24,2017,7,July,3,30,Monday,False
2017-07-25,2017,7,July,3,30,Tuesday,False
2017-07-26,2017,7,July,3,30,Wednesday,False
2017-07-27,2017,7,July,3,30,Thursday,False
2017-07-28,2017,7,July,3,30,Friday,False
2017-07-29,2017,7,July,3,30,Saturday,True
2017-07-30,2017,7,July,3,30,Sunday,True
2017-07-31,2017,7,July,3,31,Monday,False
2017-08-01,2017,8,August,3,31,Tuesday,False
2017-08-02,2017,8,August,3,31,Wednesday,False
2017-08-03,2017,8,August,3,31,Thursday,False
2017-08-04,2017,8,August,3,31,Friday,False
2017-08-05,2017,8,August,3,31,Saturday,True
2017-08-06,2017,8,August,3,31,Sunday,True
2017-08-07,2017,8,August,3,32,Monday,False
2017-08-08,2017,8,August,3,32,Tuesday,False
2017-08-09,2017,8,August,3,32,Wednesday,False
2017-08-10,2017,8,August,3,32,Thursday,False
2017-08-11,2017,8,August,3,32,Friday,False
2017-08-12,2017,8,August,3,32,Saturday,True
2017-08-13,2017,8,August,3,32,Sunday,True
2017-08-14,2017,8,August,3,33,Monday,False
2017-08-15,2017,8,August,3,33,Tuesday,False
2017-08-16,2017,8,August,3,33,Wednesday,False
2017-08-17,2017,8,August,3,33,Thursday,False
2017-08-18,2017,8,August,3,33,Friday,False
2017-08-19,2017,8,August,3,33,Saturday,True
2017-08-20,2017,8,August,3,33,Sunday,True
2017-08-21,2017,8,August,3,34,Monday,False
2017-08-22,2017,8,August,3,34,Tuesday,False
2017-08-23,2017,8,August,3,34,Wednesday,False
2017-08-24,2017,8,August,3,34,Thursday,False
2017-08-25,2017,8,August,3,34,Friday,False
2017-08-26,2017,8,August,3,34,Saturday,True
2017-08-27,2017,8,August,3,34,Sunday,True
2017-08-28,2017,8,August,3,35,Monday,False
2017-08-29,2017,8,August,3,35,Tuesday,False
2017-08-30,2017,8,August,3,35,Wednesday,False
2017-08-31,2017,8,August,3,35,Thursday,False
2017-09-01,2017,9,September,3,35,Friday,False
2017-09-02,2017,9,September,3,35,Saturday,True
2017-09-03,2017,9,September,3,35,Sunday,True
2017-09-04,2017,9,September,3,36,Monday,False
2017-09-05,2017,9,September,3,36,Tuesday,False
2017-09-06,2017,9,September,3,36,Wednesday,False
2017-09-07,2017,9,September,3,36,Thursday,False
2017-09-08,2017,9,September,3,36,Friday,False
2017-09-09,2017,9,September,3,36,Saturday,True
2017-09-10,2017,9,September,3,36,Sunday,True
2017-09-11,2017,9,September,3,37,Monday,False
2017-09-12,2017,9,September,3,37,Tuesday,False
2017-09-13,2017,9,September,3,37,Wednesday,False
2017-09-14,2017,9,September,3,37,Thursday,False
2017-09-15,2017,9,September,3,37,Friday,False
2017-09-16,2017,9,September,3,37,Saturday,True
2017-09-17,2017,9,September,3,37,Sunday,True
2017-09-18,2017,9,September,3,38,Monday,False
2017-09-19,2017,9,September,3,38,Tuesday,False
2017-09-20,2017,9,September,3,38,Wednesday,False
2017-09-21,2017,9,September,3,38,Thursday,False
2017-09-22,2017,9,September,3,38,Friday,False
2017-09-23,2017,9,September,3,38,Saturday,True
2017-09-24,2017,9,September,3,38,Sunday,True
2017-09-25,2017,9,September,3,39,Monday,False
2017-09-26,2017,9,September,3,39,Tuesday,False
2017-09-27,2017,9,September,3,39,Wednesday,False
2017-09-28,2017,9,September,3,39,Thursday,False
2017-09-29,2017,9,September,3,39,Friday,False
2017-09-30,2017,9,September,3,39,Saturday,True
2017-10-01,2017,10,October,4,39,Sunday,True
2017-10-02,2017,10,October,4,40,Monday,False
2017-10-03,2017,10,October,4,40,Tuesday,False
2017-10-04,2017,10,October,4,40,Wednesday,False
2017-10-05,2017,10,October,4,40,Thursday,False
2017-10-06,2017,10,October,4,40,Friday,False
2017-10-07,2017,10,October,4,40,Saturday,True
2017-10-08,2017,10,October,4,40,Sunday,True
2017-10-09,2017,10,October,4,41,Monday,False
2017-10-10,2017,10,October,4,41,Tuesday,False
2017-10-11,2017,10,October,4,41,Wednesday,False
2017-10-12,2017,10,October,4,41,Thursday,False
2017-10-13,2017,10,October,4,41,Friday,False
2017-10-14,2017,10,October,4,41,Saturday,True
2017-10-15,2017,10,October,4,41,Sunday,True
2017-10-16,2017,10,October,4,42,Monday,False
2017-10-17,2017,10,October,4,42,Tuesday,False
2017-10-18,2017,10,October,4,42,Wednesday,False
2017-10-19,2017,10,October,4,42,Thursday,False
2017-10-20,2017,10,October,4,42,Friday,False
2017-10-21,2017,10,October,4,42,Saturday,True
2017-10-22,2017,10,October,4,42,Sunday,True
2017-10-23,2017,10,October,4,43,Monday,False
2017-10-24,2017,10,October,4,43,Tuesday,False
2017-10-25,2017,10,October,4,43,Wednesday,False
2017-10-26,2017,10,October,4,43,Thursday,False
2017-10-27,2017,10,October,4,43,Friday,False
2017-10-28,2017,10,October,4,43,Saturday,True
2017-10-29,2017,10,October,4,43,Sunday,True
2017-10-30,2017,10,October,4,44,Monday,False
2017-10-31,2017,10,October,4,44,Tuesday,False
2017-11-01,2017,11,November,4,44,Wednesday,False
2017-11-02,2017,11,November,4,44,Thursday,False
2017-11-03,2017,11,November,4,44,Friday,False
2017-11-04,2017,11,November,4,44,Saturday,True
2017-11-05,2017,11,November,4,44,Sunday,True
2017-11-06,2017,11,November,4,45,Monday,False
2017-11-07,2017,11,November,4,45,Tuesday,False
2017-11-08,2017,11,November,4,45,Wednesday,False
2017-11-09,2017,11,November,4,45,Thursday,False
2017-11-10,2017,11,November,4,45,Friday,False
2017-11-11,2017,11,November,4,45,Saturday,True
2017-11-12,2017,11,November,4,45,Sunday,True
2017-11-13,2017,11,November,4,46,Monday,False
2017-11-14,2017,11,November,4,46,Tuesday,False
2017-11-15,2017,11,November,4,46,Wednesday,False
2017-11-16,2017,11,November,4,46,Thursday,False
2017-11-17,2017,11,November,4,46,Friday,False
2017-11-18,2017,11,November,4,46,Saturday,True
2017-11-19,2017,11,November,4,46,Sunday,True
2017-11-20,2017,11,November,4,47,Monday,False
2017-11-21,2017,11,November,4,47,Tuesday,False
2017-11-22,2017,11,November,4,47,Wednesday,False
2017-11-23,2017,11,November,4,47,Thursday,False
2017-11-24,2017,11,November,4,47,Friday,False
2017-11-25,2017,11,November,4,47,Saturday,True
2017-11-26,2017,11,November,4,47,Sunday,True
2017-11-27,2017,11,November,4,48,Monday,False
2017-11-28,2017,11,November,4,48,Tuesday,False
2017-11-29,2017,11,November,4,48,Wednesday,False
2017-11-30,2017,11,November,4,48,Thursday,False
2017-12-01,2017,12,December,4,48,Friday,False
2017-12-02,2017,12,December,4,48,Saturday,True
2017-12-03,2017,12,December,4,48,Sunday,True
2017-12-04,2017,12,December,4,49,Monday,False
2017-12-05,2017,12,December,4,49,Tuesday,False
2017-12-06,2017,12,December,4,49,Wednesday,False
2017-12-07,2017,12,December,4,49,Thursday,False
2017-12-08,2017,12,December,4,49,Friday,False
2017-12-09,2017,12,December,4,49,Saturday,True
2017-12-10,2017,12,December,4,49,Sunday,True
2017-12-11,2017,12,December,4,50,Monday,False
2017-12-12,2017,12,December,4,50,Tuesday,False
2017-12-13,2017,12,December,4,50,Wednesday,False
2017-12-14,2017,12,December,4,50,Thursday,False
2017-12-15,2017,12,December,4,50,Friday,False
2017-12-16,2017,12,December,4,50,Saturday,True
2017-12-17,2017,12,December,4,50,Sunday,True
2017-12-18,2017,12,December,4,51,Monday,False
2017-12-19,2017,12,December,4,51,Tuesday,False
2017-12-20,2017,12,December,4,51,Wednesday,False
2017-12-21,2017,12,December,4,51,Thursday,False
2017-12-22,2017,12,December,4,51,Friday,False
2017-12-23,2017,12,December,4,51,Saturday,True
2017-12-24,2017,12,December,4,51,Sunday,True
2017-12-25,2017,12,December,4,52,Monday,False
2017-12-26,2017,12,December,4,52,Tuesday,False
2017-12-27,2017,12,December,4,52,Wednesday,False
2017-12-28,2017,12,December,4,52,Thursday,False
2017-12-29,2017,12,December,4,52,Friday,False
2017-12-30,2017,12,December,4,52,Saturday,True
2017-12-31,2017,12,December,4,52,Sunday,True
2018-01-01,2018,1,January,1,1,Monday,False
2018-01-02,2018,1,January,1,1,Tuesday,False
2018-01-03,2018,1,January,1,1,Wednesday,False
2018-01-04,2018,1,January,1,1,Thursday,False
2018-01-05,2018,1,January,1,1,Friday,False
2018-01-06,2018,1,January,1,1,Saturday,True
2018-01-07,2018,1,January,1,1,Sunday,True
2018-01-08,2018,1,January,1,2,Monday,False
2018-01-09,2018,1,January,1,2,Tuesday,False
2018-01-10,2018,1,January,1,2,Wednesday,False
2018-01-11,2018,1,January,1,2,Thursday,False
2018-01-12,2018,1,January,1,2,Friday,False
2018-01-13,2018,1,January,1,2,Saturday,True
2018-01-14,2018,1,January,1,2,Sunday,True
2018-01-15,2018,1,January,1,3,Monday,False
2018-01-16,2018,1,January,1,3,Tuesday,False
2018-01-17,2018,1,January,1,3,Wednesday,False
2018-01-18,2018,1,January,1,3,Thursday,False
2018-01-19,2018,1,January,1,3,Friday,False
2018-01-20,2018,1,January,1,3,Saturday,True
2018-01-21,2018,1,January,1,3,Sunday,True
2018-01-22,2018,1,January,1,4,Monday,False
2018-01-23,2018,1,January,1,4,Tuesday,False
2018-01-24,2018,1,January,1,4,Wednesday,False
2018-01-25,2018,1,January,1,4,Thursday,False
2018-01-26,2018,1,January,1,4,Friday,False
2018-01-27,2018,1,January,1,4,Saturday,True
2018-01-28,2018,1,January,1,4,Sunday,True
2018-01-29,2018,1,January,1,5,Monday,False
2018-01-30,2018,1,January,1,5,Tuesday,False
2018-01-31,2018,1,January,1,5,Wednesday,False
2018-02-01,2018,2,February,1,5,Thursday,False
2018-02-02,2018,2,February,1,5,Friday,False
2018-02-03,2018,2,February,1,5,Saturday,True
2018-02-04,2018,2,February,1,5,Sunday,True
2018-02-05,2018,2,February,1,6,Monday,False
2018-02-06,2018,2,February,1,6,Tuesday,False
2018-02-07,2018,2,February,1,6,Wednesday,False
2018-02-08,2018,2,February,1,6,Thursday,False
2018-02-09,2018,2,February,1,6,Friday,False
2018-02-10,2018,2,February,1,6,Saturday,True
2018-02-11,2018,2,February,1,6,Sunday,True
2018-02-12,2018,2,February,1,7,Monday,False
2018-02-13,2018,2,February,1,7,Tuesday,False
2018-02-14,2018,2,February,1,7,Wednesday,False
2018-02-15,2018,2,February,1,7,Thursday,False
2018-02-16,2018,2,February,1,7,Friday,False
2018-02-17,2018,2,February,1,7,Saturday,True
2018-02-18,2018,2,February,1,7,Sunday,True
2018-02-19,2018,2,February,1,8,Monday,False
2018-02-20,2018,2,February,1,8,Tuesday,False
2018-02-21,2018,2,February,1,8,Wednesday,False
2018-02-22,2018,2,February,1,8,Thursday,False
2018-02-23,2018,2,February,1,8,Friday,False
2018-02-24,2018,2,February,1,8,Saturday,True
2018-02-25,2018,2,February,1,8,Sunday,True
2018-02-26,2018,2,February,1,9,Monday,False
2018-02-27,2018,2,February,1,9,Tuesday,False
2018-02-28,2018,2,February,1,9,Wednesday,False
2018-03-01,2018,3,March,1,9,Thursday,False
2018-03-02,2018,3,March,1,9,Friday,False
2018-03-03,2018,3,March,1,9,Saturday,True
2018-03-04,2018,3,March,1,9,Sunday,True
2018-03-05,2018,3,March,1,10,Monday,False
2018-03-06,2018,3,March,1,10,Tuesday,False
2018-03-07,2018,3,March,1,10,Wednesday,False
2018-03-08,2018,3,March,1,10,Thursday,False
2018-03-09,2018,3,March,1,10,Friday,False
2018-03-10,2018,3,March,1,10,Saturday,True
2018-03-11,2018,3,March,1,10,Sunday,True
2018-03-12,2018,3,March,1,11,Monday,False
2018-03-13,2018,3,March,1,11,Tuesday,False
2018-03-14,2018,3,March,1,11,Wednesday,False
2018-03-15,2018,3,March,1,11,Thursday,False
2018-03-16,2018,3,March,1,11,Friday,False
2018-03-17,2018,3,March,1,11,Saturday,True
2018-03-18,2018,3,March,1,11,Sunday,True
2018-03-19,2018,3,March,1,12,Monday,False
2018-03-20,2018,3,March,1,12,Tuesday,False
2018-03-21,2018,3,March,1,12,Wednesday,False
2018-03-22,2018,3,March,1,12,Thursday,False
2018-03-23,2018,3,March,1,12,Friday,False
2018-03-24,2018,3,March,1,12,Saturday,True
2018-03-25,2018,3,March,1,12,Sunday,True
2018-03-26,2018,3,March,1,13,Monday,False
2018-03-27,2018,3,March,1,13,Tuesday,False
2018-03-28,2018,3,March,1,13,Wednesday,False
2018-03-29,2018,3,March,1,13,Thursday,False
2018-03-30,2018,3,March,1,13,Friday,False
2018-03-31,2018,3,March,1,13,Saturday,True
2018-04-01,2018,4,April,2,13,Sunday,True
2018-04-02,2018,4,April,2,14,Monday,False
2018-04-03,2018,4,April,2,14,Tuesday,False
2018-04-04,2018,4,April,2,14,Wednesday,False
2018-04-05,2018,4,April,2,14,Thursday,False
2018-04-06,2018,4,April,2,14,Friday,False
2018-04-07,2018,4,April,2,14,Saturday,True
2018-04-08,2018,4,April,2,14,Sunday,True
2018-04-09,2018,4,April,2,15,Monday,False
2018-04-10,2018,4,April,2,15,Tuesday,False
2018-04-11,2018,4,April,2,15,Wednesday,False
2018-04-12,2018,4,April,2,15,Thursday,False
2018-04-13,2018,4,April,2,15,Friday,False
2018-04-14,2018,4,April,2,15,Saturday,True
2018-04-15,2018,4,April,2,15,Sunday,True
2018-04-16,2018,4,April,2,16,Monday,False
2018-04-17,2018,4,April,2,16,Tuesday,False
2018-04-18,2018,4,April,2,16,Wednesday,False
2018-04-19,2018,4,April,2,16,Thursday,False
2018-04-20,2018,4,April,2,16,Friday,False
2018-04-21,2018,4,April,2,16,Saturday,True
2018-04-22,2018,4,April,2,16,Sunday,True
2018-04-23,2018,4,April,2,17,Monday,False
2018-04-24,2018,4,April,2,17,Tuesday,False
2018-04-25,2018,4,April,2,17,Wednesday,False
2018-04-26,2018,4,April,2,17,Thursday,False
2018-04-27,2018,4,April,2,17,Friday,False
2018-04-28,2018,4,April,2,17,Saturday,True
2018-04-29,2018,4,April,2,17,Sunday,True
2018-04-30,2018,4,April,2,18,Monday,False
2018-05-01,2018,5,May,2,18,Tuesday,False
2018-05-02,2018,5,May,2,18,Wednesday,False
2018-05-03,2018,5,May,2,18,Thursday,False
2018-05-04,2018,5,May,2,18,Friday,False
2018-05-05,2018,5,May,2,18,Saturday,True
2018-05-06,2018,5,May,2,18,Sunday,True
2018-05-07,2018,5,May,2,19,Monday,False
2018-05-08,2018,5,May,2,19,Tuesday,False
2018-05-09,2018,5,May,2,19,Wednesday,False
2018-05-10,2018,5,May,2,19,Thursday,False
2018-05-11,2018,5,May,2,19,Friday,False
2018-05-12,2018,5,May,2,19,Saturday,True
2018-05-13,2018,5,May,2,19,Sunday,True
2018-05-14,2018,5,May,2,20,Monday,False
2018-05-15,2018,5,May,2,20,Tuesday,False
2018-05-16,2018,5,May,2,20,Wednesday,False
2018-05-17,2018,5,May,2,20,Thursday,False
2018-05-18,2018,5,May,2,20,Friday,False
2018-05-19,2018,5,May,2,20,Saturday,True
2018-05-20,2018,5,May,2,20,Sunday,True
2018-05-21,2018,5,May,2,21,Monday,False
2018-05-22,2018,5,May,2,21,Tuesday,False
2018-05-23,2018,5,May,2,21,Wednesday,False
2018-05-24,2018,5,May,2,21,Thursday,False
2018-05-25,2018,5,May,2,21,Friday,False
2018-05-26,2018,5,May,2,21,Saturday,True
2018-05-27,2018,5,May,2,21,Sunday,True
2018-05-28,2018,5,May,2,22,Monday,False
2018-05-29,2018,5,May,2,22,Tuesday,False
2018-05-30,2018,5,May,2,22,Wednesday,False
2018-05-31,2018,5,May,2,22,Thursday,False
2018-06-01,2018,6,June,2,22,Friday,False
2018-06-02,2018,6,June,2,22,Saturday,True
2018-06-03,2018,6,June,2,22,Sunday,True
2018-06-04,2018,6,June,2,23,Monday,False
2018-06-05,2018,6,June,2,23,Tuesday,False
2018-06-06,2018,6,June,2,23,Wednesday,False
2018-06-07,2018,6,June,2,23,Thursday,False
2018-06-08,2018,6,June,2,23,Friday,False
2018-06-09,2018,6,June,2,23,Saturday,True
2018-06-10,2018,6,June,2,23,Sunday,True
2018-06-11,2018,6,June,2,24,Monday,False
2018-06-12,2018,6,June,2,24,Tuesday,False
2018-06-13,2018,6,June,2,24,Wednesday,False
2018-06-14,2018,6,June,2,24,Thursday,False
2018-06-15,2018,6,June,2,24,Friday,False
2018-06-16,2018,6,June,2,24,Saturday,True
2018-06-17,2018,6,June,2,24,Sunday,True
2018-06-18,2018,6,June,2,25,Monday,False
2018-06-19,2018,6,June,2,25,Tuesday,False
2018-06-20,2018,6,June,2,25,Wednesday,False
2018-06-21,2018,6,June,2,25,Thursday,False
2018-06-22,2018,6,June,2,25,Friday,False
2018-06-23,2018,6,June,2,25,Saturday,True
2018-06-24,2018,6,June,2,25,Sunday,True
2018-06-25,2018,6,June,2,26,Monday,False
2018-06-26,2018,6,June,2,26,Tuesday,False
2018-06-27,2018,6,June,2,26,Wednesday,False
2018-06-28,2018,6,June,2,26,Thursday,False
2018-06-29,2018,6,June,2,26,Friday,False
2018-06-30,2018,6,June,2,26,Saturday,True
2018-07-01,2018,7,July,3,26,Sunday,True
2018-07-02,2018,7,July,3,27,Monday,False
2018-07-03,2018,7,July,3,27,Tuesday,False
2018-07-04,2018,7,July,3,27,Wednesday,False
2018-07-05,2018,7,July,3,27,Thursday,False
2018-07-06,2018,7,July,3,27,Friday,False
2018-07-07,2018,7,July,3,27,Saturday,True
2018-07-08,2018,7,July,3,27,Sunday,True
2018-07-09,2018,7,July,3,28,Monday,False
2018-07-10,2018,7,July,3,28,Tuesday,False
2018-07-11,2018,7,July,3,28,Wednesday,False
2018-07-12,2018,7,July,3,28,Thursday,False
2018-07-13,2018,7,July,3,28,Friday,False
2018-07-14,2018,7,July,3,28,Saturday,True
2018-07-15,2018,7,July,3,28,Sunday,True
2018-07-16,2018,7,July,3,29,Monday,False
2018-07-17,2018,7,July,3,29,Tuesday,False
2018-07-18,2018,7,July,3,29,Wednesday,False
2018-07-19,2018,7,July,3,29,Thursday,False
2018-07-20,2018,7,July,3,29,Friday,False
2018-07-21,2018,7,July,3,29,Saturday,True
2018-07-22,2018,7,July,3,29,Sunday,True
2018-07-23,2018,7,July,3,30,Monday,False
2018-07-24,2018,7,July,3,30,Tuesday,False
2018-07-25,2018,7,July,3,30,Wednesday,False
2018-07-26,2018,7,July,3,30,Thursday,False
2018-07-27,2018,7,July,3,30,Friday,False
2018-07-28,2018,7,July,3,30,Saturday,True
2018-07-29,2018,7,July,3,30,Sunday,True
2018-07-30,2018,7,July,3,31,Monday,False
2018-07-31,2018,7,July,3,31,Tuesday,False
2018-08-01,2018,8,August,3,31,Wednesday,False
2018-08-02,2018,8,August,3,31,Thursday,False
2018-08-03,2018,8,August,3,31,Friday,False
2018-08-04,2018,8,August,3,31,Saturday,True
2018-08-05,2018,8,August,3,31,Sunday,True
2018-08-06,2018,8,August,3,32,Monday,False
2018-08-07,2018,8,August,3,32,Tuesday,False
2018-08-08,2018,8,August,3,32,Wednesday,False
2018-08-09,2018,8,August,3,32,Thursday,False
2018-08-10,2018,8,August,3,32,Friday,False
2018-08-11,2018,8,August,3,32,Saturday,True
2018-08-12,2018,8,August,3,32,Sunday,True
2018-08-13,2018,8,August,3,33,Monday,False
2018-08-14,2018,8,August,3,33,Tuesday,False
2018-08-15,2018,8,August,3,33,Wednesday,False
2018-08-16,2018,8,August,3,33,Thursday,False
2018-08-17,2018,8,August,3,33,Friday,False
2018-08-18,2018,8,August,3,33,Saturday,True
2018-08-19,2018,8,August,3,33,Sunday,True
2018-08-20,2018,8,August,3,34,Monday,False
2018-08-21,2018,8,August,3,34,Tuesday,False
2018-08-22,2018,8,August,3,34,Wednesday,False
2018-08-23,2018,8,August,3,34,Thursday,False
2018-08-24,2018,8,August,3,34,Friday,False
2018-08-25,2018,8,August,3,34,Saturday,True
2018-08-26,2018,8,August,3,34,Sunday,True
2018-08-27,2018,8,August,3,35,Monday,False
2018-08-28,2018,8,August,3,35,Tuesday,False
2018-08-29,2018,8,August,3,35,Wednesday,False
2018-08-30,2018,8,August,3,35,Thursday,False
2018-08-31,2018,8,August,3,35,Friday,False
2018-09-01,2018,9,September,3,35,Saturday,True
2018-09-02,2018,9,September,3,35,Sunday,True
2018-09-03,2018,9,September,3,36,Monday,False
2018-09-04,2018,9,September,3,36,Tuesday,False
2018-09-05,2018,9,September,3,36,Wednesday,False
2018-09-06,2018,9,September,3,36,Thursday,False
2018-09-07,2018,9,September,3,36,Friday,False
2018-09-08,2018,9,September,3,36,Saturday,True
2018-09-09,2018,9,September,3,36,Sunday,True
2018-09-10,2018,9,September,3,37,Monday,False
2018-09-11,2018,9,September,3,37,Tuesday,False
2018-09-12,2018,9,September,3,37,Wednesday,False
2018-09-13,2018,9,September,3,37,Thursday,False
2018-09-14,2018,9,September,3,37,Friday,False
2018-09-15,2018,9,September,3,37,Saturday,True
2018-09-16,2018,9,September,3,37,Sunday,True
2018-09-17,2018,9,September,3,38,Monday,False
2018-09-18,2018,9,September,3,38,Tuesday,False
2018-09-19,2018,9,September,3,38,Wednesday,False
2018-09-20,2018,9,September,3,38,Thursday,False
2018-09-21,2018,9,September,3,38,Friday,False
2018-09-22,2018,9,September,3,38,Saturday,True
2018-09-23,2018,9,September,3,38,Sunday,True
2018-09-24,2018,9,September,3,39,Monday,False
2018-09-25,2018,9,September,3,39,Tuesday,False
2018-09-26,2018,9,September,3,39,Wednesday,False
2018-09-27,2018,9,September,3,39,Thursday,False
2018-09-28,2018,9,September,3,39,Friday,False
2018-09-29,2018,9,September,3,39,Saturday,True
2018-09-30,2018,9,September,3,39,Sunday,True
2018-10-01,2018,10,October,4,40,Monday,False
2018-10-02,2018,10,October,4,40,Tuesday,False
2018-10-03,2018,10,October,4,40,Wednesday,False
2018-10-04,2018,10,October,4,40,Thursday,False
2018-10-05,2018,10,October,4,40,Friday,False
2018-10-06,2018,10,October,4,40,Saturday,True
2018-10-07,2018,10,October,4,40,Sunday,True
2018-10-08,2018,10,October,4,41,Monday,False
2018-10-09,2018,10,October,4,41,Tuesday,False
2018-10-10,2018,10,October,4,41,Wednesday,False
2018-10-11,2018,10,October,4,41,Thursday,False
2018-10-12,2018,10,October,4,41,Friday,False
2018-10-13,2018,10,October,4,41,Saturday,True
2018-10-14,2018,10,October,4,41,Sunday,True
2018-10-15,2018,10,October,4,42,Monday,False
2018-10-16,2018,10,October,4,42,Tuesday,False
2018-10-17,2018,10,October,4,42,Wednesday,False
2018-10-18,2018,10,October,4,42,Thursday,False
2018-10-19,2018,10,October,4,42,Friday,False
2018-10-20,2018,10,October,4,42,Saturday,True
2018-10-21,2018,10,October,4,42,Sunday,True
2018-10-22,2018,10,October,4,43,Monday,False
2018-10-23,2018,10,October,4,43,Tuesday,False
2018-10-24,2018,10,October,4,43,Wednesday,False
2018-10-25,2018,10,October,4,43,Thursday,False
2018-10-26,2018,10,October,4,43,Friday,False
2018-10-27,2018,10,October,4,43,Saturday,True
2018-10-28,2018,10,October,4,43,Sunday,True
2018-10-29,2018,10,October,4,44,Monday,False
2018-10-30,2018,10,October,4,44,Tuesday,False
2018-10-31,2018,10,October,4,44,Wednesday,False
2018-11-01,2018,11,November,4,44,Thursday,False
2018-11-02,2018,11,November,4,44,Friday,False
2018-11-03,2018,11,November,4,44,Saturday,True
2018-11-04,2018,11,November,4,44,Sunday,True
2018-11-05,2018,11,November,4,45,Monday,False
2018-11-06,2018,11,November,4,45,Tuesday,False
2018-11-07,2018,11,November,4,45,Wednesday,False
2018-11-08,2018,11,November,4,45,Thursday,False
2018-11-09,2018,11,November,4,45,Friday,False
2018-11-10,2018,11,November,4,45,Saturday,True
2018-11-11,2018,11,November,4,45,Sunday,True
2018-11-12,2018,11,November,4,46,Monday,False
2018-11-13,2018,11,November,4,46,Tuesday,False
2018-11-14,2018,11,November,4,46,Wednesday,False
2018-11-15,2018,11,November,4,46,Thursday,False
2018-11-16,2018,11,November,4,46,Friday,False
2018-11-17,2018,11,November,4,46,Saturday,True
2018-11-18,2018,11,November,4,46,Sunday,True
2018-11-19,2018,11,November,4,47,Monday,False
2018-11-20,2018,11,November,4,47,Tuesday,False
2018-11-21,2018,11,November,4,47,Wednesday,False
2018-11-22,2018,11,November,4,47,Thursday,False
2018-11-23,2018,11,November,4,47,Friday,False
2018-11-24,2018,11,November,4,47,Saturday,True
2018-11-25,2018,11,November,4,47,Sunday,True
2018-11-26,2018,11,November,4,48,Monday,False
2018-11-27,2018,11,November,4,48,Tuesday,False
2018-11-28,2018,11,November,4,48,Wednesday,False
2018-11-29,2018,11,November,4,48,Thursday,False
2018-11-30,2018,11,November,4,48,Friday,False
2018-12-01,2018,12,December,4,48,Saturday,True
2018-12-02,2018,12,December,4,48,Sunday,True
2018-12-03,2018,12,December,4,49,Monday,False
2018-12-04,2018,12,December,4,49,Tuesday,False
2018-12-05,2018,12,December,4,49,Wednesday,False
2018-12-06,2018,12,December,4,49,Thursday,False
2018-12-07,2018,12,December,4,49,Friday,False
2018-12-08,2018,12,December,4,49,Saturday,True
2018-12-09,2018,12,December,4,49,Sunday,True
2018-12-10,2018,12,December,4,50,Monday,False
2018-12-11,2018,12,December,4,50,Tuesday,False
2018-12-12,2018,12,December,4,50,Wednesday,False
2018-12-13,2018,12,December,4,50,Thursday,False
2018-12-14,2018,12,December,4,50,Friday,False
2018-12-15,2018,12,December,4,50,Saturday,True
2018-12-16,2018,12,December,4,50,Sunday,True
2018-12-17,2018,12,December,4,51,Monday,False
2018-12-18,2018,12,December,4,51,Tuesday,False
2018-12-19,2018,12,December,4,51,Wednesday,False
2018-12-20,2018,12,December,4,51,Thursday,False
2018-12-21,2018,12,December,4,51,Friday,False
2018-12-22,2018,12,December,4,51,Saturday,True
2018-12-23,2018,12,December,4,51,Sunday,True
2018-12-24,2018,12,December,4,52,Monday,False
2018-12-25,2018,12,December,4,52,Tuesday,False
2018-12-26,2018,12,December,4,52,Wednesday,False
2018-12-27,2018,12,December,4,52,Thursday,False
2018-12-28,2018,12,December,4,52,Friday,False
2018-12-29,2018,12,December,4,52,Saturday,True
2018-12-30,2018,12,December,4,52,Sunday,True
2018-12-31,2018,12,December,4,1,Monday,False
2019-01-01,2019,1,January,1,1,Tuesday,False
2019-01-02,2019,1,January,1,1,Wednesday,False
2019-01-03,2019,1,January,1,1,Thursday,False
2019-01-04,2019,1,January,1,1,Friday,False
2019-01-05,2019,1,January,1,1,Saturday,True
2019-01-06,2019,1,January,1,1,Sunday,True
2019-01-07,2019,1,January,1,2,Monday,False
2019-01-08,2019,1,January,1,2,Tuesday,False
2019-01-09,2019,1,January,1,2,Wednesday,False
2019-01-10,2019,1,January,1,2,Thursday,False
2019-01-11,2019,1,January,1,2,Friday,False
2019-01-12,2019,1,January,1,2,Saturday,True
2019-01-13,2019,1,January,1,2,Sunday,True
2019-01-14,2019,1,January,1,3,Monday,False
2019-01-15,2019,1,January,1,3,Tuesday,False
2019-01-16,2019,1,January,1,3,Wednesday,False
2019-01-17,2019,1,January,1,3,Thursday,False
2019-01-18,2019,1,January,1,3,Friday,False
2019-01-19,2019,1,January,1,3,Saturday,True
2019-01-20,2019,1,January,1,3,Sunday,True
2019-01-21,2019,1,January,1,4,Monday,False
2019-01-22,2019,1,January,1,4,Tuesday,False
2019-01-23,2019,1,January,1,4,Wednesday,False
2019-01-24,2019,1,January,1,4,Thursday,False
2019-01-25,2019,1,January,1,4,Friday,False
2019-01-26,2019,1,January,1,4,Saturday,True
2019-01-27,2019,1,January,1,4,Sunday,True
2019-01-28,2019,1,January,1,5,Monday,False
2019-01-29,2019,1,January,1,5,Tuesday,False
2019-01-30,2019,1,January,1,5,Wednesday,False
2019-01-31,2019,1,January,1,5,Thursday,False
2019-02-01,2019,2,February,1,5,Friday,False
2019-02-02,2019,2,February,1,5,Saturday,True
2019-02-03,2019,2,February,1,5,Sunday,True
2019-02-04,2019,2,February,1,6,Monday,False
2019-02-05,2019,2,February,1,6,Tuesday,False
2019-02-06,2019,2,February,1,6,Wednesday,False
2019-02-07,2019,2,February,1,6,Thursday,False
2019-02-08,2019,2,February,1,6,Friday,False
2019-02-09,2019,2,February,1,6,Saturday,True
2019-02-10,2019,2,February,1,6,Sunday,True
2019-02-11,2019,2,February,1,7,Monday,False
2019-02-12,2019,2,February,1,7,Tuesday,False
2019-02-13,2019,2,February,1,7,Wednesday,False
2019-02-14,2019,2,February,1,7,Thursday,False
2019-02-15,2019,2,February,1,7,Friday,False
2019-02-16,2019,2,February,1,7,Saturday,True
2019-02-17,2019,2,February,1,7,Sunday,True
2019-02-18,2019,2,February,1,8,Monday,False
2019-02-19,2019,2,February,1,8,Tuesday,False
2019-02-20,2019,2,February,1,8,Wednesday,False
2019-02-21,2019,2,February,1,8,Thursday,False
2019-02-22,2019,2,February,1,8,Friday,False
2019-02-23,2019,2,February,1,8,Saturday,True
2019-02-24,2019,2,February,1,8,Sunday,True
2019-02-25,2019,2,February,1,9,Monday,False
2019-02-26,2019,2,February,1,9,Tuesday,False
2019-02-27,2019,2,February,1,9,Wednesday,False
2019-02-28,2019,2,February,1,9,Thursday,False
2019-03-01,2019,3,March,1,9,Friday,False
2019-03-02,2019,3,March,1,9,Saturday,True
2019-03-03,2019,3,March,1,9,Sunday,True
2019-03-04,2019,3,March,1,10,Monday,False
2019-03-05,2019,3,March,1,10,Tuesday,False
2019-03-06,2019,3,March,1,10,Wednesday,False
2019-03-07,2019,3,March,1,10,Thursday,False
2019-03-08,2019,3,March,1,10,Friday,False
2019-03-09,2019,3,March,1,10,Saturday,True
2019-03-10,2019,3,March,1,10,Sunday,True
2019-03-11,2019,3,March,1,11,Monday,False
2019-03-12,2019,3,March,1,11,Tuesday,False
2019-03-13,2019,3,March,1,11,Wednesday,False
2019-03-14,2019,3,March,1,11,Thursday,False
2019-03-15,2019,3,March,1,11,Friday,False
2019-03-16,2019,3,March,1,11,Saturday,True
2019-03-17,2019,3,March,1,11,Sunday,True
2019-03-18,2019,3,March,1,12,Monday,False
2019-03-19,2019,3,March,1,12,Tuesday,False
2019-03-20,2019,3,March,1,12,Wednesday,False
2019-03-21,2019,3,March,1,12,Thursday,False
2019-03-22,2019,3,March,1,12,Friday,False
2019-03-23,2019,3,March,1,12,Saturday,True
2019-03-24,2019,3,March,1,12,Sunday,True
2019-03-25,2019,3,March,1,13,Monday,False
2019-03-26,2019,3,March,1,13,Tuesday,False
2019-03-27,2019,3,March,1,13,Wednesday,False
2019-03-28,2019,3,March,1,13,Thursday,False
2019-03-29,2019,3,March,1,13,Friday,False
2019-03-30,2019,3,March,1,13,Saturday,True
2019-03-31,2019,3,March,1,13,Sunday,True
2019-04-01,2019,4,April,2,14,Monday,False
2019-04-02,2019,4,April,2,14,Tuesday,False
2019-04-03,2019,4,April,2,14,Wednesday,False
2019-04-04,2019,4,April,2,14,Thursday,False
2019-04-05,2019,4,April,2,14,Friday,False
2019-04-06,2019,4,April,2,14,Saturday,True
2019-04-07,2019,4,April,2,14,Sunday,True
2019-04-08,2019,4,April,2,15,Monday,False
2019-04-09,2019,4,April,2,15,Tuesday,False
2019-04-10,2019,4,April,2,15,Wednesday,False
2019-04-11,2019,4,April,2,15,Thursday,False
2019-04-12,2019,4,April,2,15,Friday,False
2019-04-13,2019,4,April,2,15,Saturday,True
2019-04-14,2019,4,April,2,15,Sunday,True
2019-04-15,2019,4,April,2,16,Monday,False
2019-04-16,2019,4,April,2,16,Tuesday,False
2019-04-17,2019,4,April,2,16,Wednesday,False
2019-04-18,2019,4,April,2,16,Thursday,False
2019-04-19,2019,4,April,2,16,Friday,False
2019-04-20,2019,4,April,2,16,Saturday,True
2019-04-21,2019,4,April,2,16,Sunday,True
2019-04-22,2019,4,April,2,17,Monday,False
2019-04-23,2019,4,April,2,17,Tuesday,False
2019-04-24,2019,4,April,2,17,Wednesday,False
2019-04-25,2019,4,April,2,17,Thursday,False
2019-04-26,2019,4,April,2,17,Friday,False
2019-04-27,2019,4,April,2,17,Saturday,True
2019-04-28,2019,4,April,2,17,Sunday,True
2019-04-29,2019,4,April,2,18,Monday,False
2019-04-30,2019,4,April,2,18,Tuesday,False
2019-05-01,2019,5,May,2,18,Wednesday,False
2019-05-02,2019,5,May,2,18,Thursday,False
2019-05-03,2019,5,May,2,18,Friday,False
2019-05-04,2019,5,May,2,18,Saturday,True
2019-05-05,2019,5,May,2,18,Sunday,True
2019-05-06,2019,5,May,2,19,Monday,False
2019-05-07,2019,5,May,2,19,Tuesday,False
2019-05-08,2019,5,May,2,19,Wednesday,False
2019-05-09,2019,5,May,2,19,Thursday,False
2019-05-10,2019,5,May,2,19,Friday,False
2019-05-11,2019,5,May,2,19,Saturday,True
2019-05-12,2019,5,May,2,19,Sunday,True
2019-05-13,2019,5,May,2,20,Monday,False
2019-05-14,2019,5,May,2,20,Tuesday,False
2019-05-15,2019,5,May,2,20,Wednesday,False
2019-05-16,2019,5,May,2,20,Thursday,False
2019-05-17,2019,5,May,2,20,Friday,False
2019-05-18,2019,5,May,2,20,Saturday,True
2019-05-19,2019,5,May,2,20,Sunday,True
2019-05-20,2019,5,May,2,21,Monday,False
2019-05-21,2019,5,May,2,21,Tuesday,False
2019-05-22,2019,5,May,2,21,Wednesday,False
2019-05-23,2019,5,May,2,21,Thursday,False
2019-05-24,2019,5,May,2,21,Friday,False
2019-05-25,2019,5,May,2,21,Saturday,True
2019-05-26,2019,5,May,2,21,Sunday,True
2019-05-27,2019,5,May,2,22,Monday,False
2019-05-28,2019,5,May,2,22,Tuesday,False
2019-05-29,2019,5,May,2,22,Wednesday,False
2019-05-30,2019,5,May,2,22,Thursday,False
2019-05-31,2019,5,May,2,22,Friday,False
2019-06-01,2019,6,June,2,22,Saturday,True
2019-06-02,2019,6,June,2,22,Sunday,True
2019-06-03,2019,6,June,2,23,Monday,False
2019-06-04,2019,6,June,2,23,Tuesday,False
2019-06-05,2019,6,June,2,23,Wednesday,False
2019-06-06,2019,6,June,2,23,Thursday,False
2019-06-07,2019,6,June,2,23,Friday,False
2019-06-08,2019,6,June,2,23,Saturday,True
2019-06-09,2019,6,June,2,23,Sunday,True
2019-06-10,2019,6,June,2,24,Monday,False
2019-06-11,2019,6,June,2,24,Tuesday,False
2019-06-12,2019,6,June,2,24,Wednesday,False
2019-06-13,2019,6,June,2,24,Thursday,False
2019-06-14,2019,6,June,2,24,Friday,False
2019-06-15,2019,6,June,2,24,Saturday,True
2019-06-16,2019,6,June,2,24,Sunday,True
2019-06-17,2019,6,June,2,25,Monday,False
2019-06-18,2019,6,June,2,25,Tuesday,False
2019-06-19,2019,6,June,2,25,Wednesday,False
2019-06-20,2019,6,June,2,25,Thursday,False
2019-06-21,2019,6,June,2,25,Friday,False
2019-06-22,2019,6,June,2,25,Saturday,True
2019-06-23,2019,6,June,2,25,Sunday,True
2019-06-24,2019,6,June,2,26,Monday,False
2019-06-25,2019,6,June,2,26,Tuesday,False
2019-06-26,2019,6,June,2,26,Wednesday,False
2019-06-27,2019,6,June,2,26,Thursday,False
2019-06-28,2019,6,June,2,26,Friday,False
2019-06-29,2019,6,June,2,26,Saturday,True
2019-06-30,2019,6,June,2,26,Sunday,True
2019-07-01,2019,7,July,3,27,Monday,False
2019-07-02,2019,7,July,3,27,Tuesday,False
2019-07-03,2019,7,July,3,27,Wednesday,False
2019-07-04,2019,7,July,3,27,Thursday,False
2019-07-05,2019,7,July,3,27,Friday,False
2019-07-06,2019,7,July,3,27,Saturday,True
2019-07-07,2019,7,July,3,27,Sunday,True
2019-07-08,2019,7,July,3,28,Monday,False
2019-07-09,2019,7,July,3,28,Tuesday,False
2019-07-10,2019,7,July,3,28,Wednesday,False
2019-07-11,2019,7,July,3,28,Thursday,False
2019-07-12,2019,7,July,3,28,Friday,False
2019-07-13,2019,7,July,3,28,Saturday,True
2019-07-14,2019,7,July,3,28,Sunday,True
2019-07-15,2019,7,July,3,29,Monday,False
2019-07-16,2019,7,July,3,29,Tuesday,False
2019-07-17,2019,7,July,3,29,Wednesday,False
2019-07-18,2019,7,July,3,29,Thursday,False
2019-07-19,2019,7,July,3,29,Friday,False
2019-07-20,2019,7,July,3,29,Saturday,True
2019-07-21,2019,7,July,3,29,Sunday,True
2019-07-22,2019,7,July,3,30,Monday,False
2019-07-23,2019,7,July,3,30,Tuesday,False
2019-07-24,2019,7,July,3,30,Wednesday,False
2019-07-25,2019,7,July,3,30,Thursday,False
2019-07-26,2019,7,July,3,30,Friday,False
2019-07-27,2019,7,July,3,30,Saturday,True
2019-07-28,2019,7,July,3,30,Sunday,True
2019-07-29,2019,7,July,3,31,Monday,False
2019-07-30,2019,7,July,3,31,Tuesday,False
2019-07-31,2019,7,July,3,31,Wednesday,False
2019-08-01,2019,8,August,3,31,Thursday,False
2019-08-02,2019,8,August,3,31,Friday,False
2019-08-03,2019,8,August,3,31,Saturday,True
2019-08-04,2019,8,August,3,31,Sunday,True
2019-08-05,2019,8,August,3,32,Monday,False
2019-08-06,2019,8,August,3,32,Tuesday,False
2019-08-07,2019,8,August,3,32,Wednesday,False
2019-08-08,2019,8,August,3,32,Thursday,False
2019-08-09,2019,8,August,3,32,Friday,False
2019-08-10,2019,8,August,3,32,Saturday,True
2019-08-11,2019,8,August,3,32,Sunday,True
2019-08-12,2019,8,August,3,33,Monday,False
2019-08-13,2019,8,August,3,33,Tuesday,False
2019-08-14,2019,8,August,3,33,Wednesday,False
2019-08-15,2019,8,August,3,33,Thursday,False
2019-08-16,2019,8,August,3,33,Friday,False
2019-08-17,2019,8,August,3,33,Saturday,True
2019-08-18,2019,8,August,3,33,Sunday,True
2019-08-19,2019,8,August,3,34,Monday,False
2019-08-20,2019,8,August,3,34,Tuesday,False
2019-08-21,2019,8,August,3,34,Wednesday,False
2019-08-22,2019,8,August,3,34,Thursday,False
2019-08-23,2019,8,August,3,34,Friday,False
2019-08-24,2019,8,August,3,34,Saturday,True
2019-08-25,2019,8,August,3,34,Sunday,True
2019-08-26,2019,8,August,3,35,Monday,False
2019-08-27,2019,8,August,3,35,Tuesday,False
2019-08-28,2019,8,August,3,35,Wednesday,False
2019-08-29,2019,8,August,3,35,Thursday,False
2019-08-30,2019,8,August,3,35,Friday,False
2019-08-31,2019,8,August,3,35,Saturday,True
2019-09-01,2019,9,September,3,35,Sunday,True
2019-09-02,2019,9,September,3,36,Monday,False
2019-09-03,2019,9,September,3,36,Tuesday,False
2019-09-04,2019,9,September,3,36,Wednesday,False
2019-09-05,2019,9,September,3,36,Thursday,False
2019-09-06,2019,9,September,3,36,Friday,False
2019-09-07,2019,9,September,3,36,Saturday,True
2019-09-08,2019,9,September,3,36,Sunday,True
2019-09-09,2019,9,September,3,37,Monday,False
2019-09-10,2019,9,September,3,37,Tuesday,False
2019-09-11,2019,9,September,3,37,Wednesday,False
2019-09-12,2019,9,September,3,37,Thursday,False
2019-09-13,2019,9,September,3,37,Friday,False
2019-09-14,2019,9,September,3,37,Saturday,True
2019-09-15,2019,9,September,3,37,Sunday,True
2019-09-16,2019,9,September,3,38,Monday,False
2019-09-17,2019,9,September,3,38,Tuesday,False
2019-09-18,2019,9,September,3,38,Wednesday,False
2019-09-19,2019,9,September,3,38,Thursday,False
2019-09-20,2019,9,September,3,38,Friday,False
2019-09-21,2019,9,September,3,38,Saturday,True
2019-09-22,2019,9,September,3,38,Sunday,True
2019-09-23,2019,9,September,3,39,Monday,False
2019-09-24,2019,9,September,3,39,Tuesday,False
2019-09-25,2019,9,September,3,39,Wednesday,False
2019-09-26,2019,9,September,3,39,Thursday,False
2019-09-27,2019,9,September,3,39,Friday,False
2019-09-28,2019,9,September,3,39,Saturday,True
2019-09-29,2019,9,September,3,39,Sunday,True
2019-09-30,2019,9,September,3,40,Monday,False
2019-10-01,2019,10,October,4,40,Tuesday,False
2019-10-02,2019,10,October,4,40,Wednesday,False
2019-10-03,2019,10,October,4,40,Thursday,False
2019-10-04,2019,10,October,4,40,Friday,False
2019-10-05,2019,10,October,4,40,Saturday,True
2019-10-06,2019,10,October,4,40,Sunday,True
2019-10-07,2019,10,October,4,41,Monday,False
2019-10-08,2019,10,October,4,41,Tuesday,False
