territory_id,territory_name,region,market_potential
T001,Delhi,North,77.45
T002,Jaipur,North,67.93
T003,Lucknow,North,79.72
T004,Chandigarh,North,92.85
T005,Patna,North,66.49
T006,Bengaluru,South,66.49
T007,Chennai,South,93.69
T008,Hyderabad,South,81.51
T009,Kochi,South,62.96
T010,Coimbatore,South,78.14
T011,Kolkata,East,63.05
T012,Bhubaneswar,East,63.01
T013,Visakhapatnam,East,73.63
T014,Guwahati,East,41.3
T015,Pune,West,44.13
T016,Mumbai,West,61.57
T017,Ahmedabad,West,54.81
T018,Surat,West,74.71
T019,Indore,West,56.38
T020,Nagpur,West,48.82
