hcp_id,territory_id,specialty,hcp_tier,potential_score
H001,T008,Pulmonologist,C,19.53
H002,T016,Pain Specialist,B,63.23
H003,T004,General Physician,C,32.21
H004,T010,General Physician,C,30.14
H005,T011,Orthopedist,B,68.24
H006,T001,Pulmonologist,C,75.06
H007,T011,Pulmonologist,A,96.53
H008,T004,Allergist,C,21.73
H009,T002,Allergist,B,47.19
H010,T019,Psychiatrist,A,96.93
H011,T020,Pulmonologist,A,62.32
H012,T016,Allergist,C,45.96
H013,T006,Pulmonologist,B,74.9
H014,T002,General Physician,C,32.57
H015,T013,Pain Specialist,A,81.9
H016,T008,Rheumatologist,B,40.99
H017,T003,Allergist,B,54.18
H018,T009,Psychiatrist,C,55.76
H019,T001,General Physician,B,36.33
H020,T018,Neurologist,C,57.93
H021,T005,Psychiatrist,C,49.65
H022,T013,General Physician,C,59.94
H023,T006,Orthopedist,B,69.03
H024,T010,Neurologist,A,100.0
H025,T010,Pain Specialist,C,52.25
H026,T004,Pulmonologist,A,72.27
H027,T020,Pain Specialist,C,52.2
H028,T015,Pulmonologist,B,74.78
H029,T019,Psychiatrist,C,50.88
H030,T018,Psychiatrist,C,50.73
H031,T011,Pulmonologist,C,37.36
H032,T018,General Physician,B,53.07
H033,T002,Rheumatologist,C,24.75
H034,T004,Orthopedist,B,96.49
H035,T001,Pulmonologist,B,42.61
H036,T006,Psychiatrist,C,37.53
H037,T007,Neurologist,C,37.07
H038,T005,General Physician,C,66.11
H039,T017,Rheumatologist,C,44.69
H040,T007,Orthopedist,B,87.46
H041,T005,General Physician,B,52.88
H042,T010,Psychiatrist,C,55.02
H043,T003,General Physician,B,49.96
H044,T016,General Physician,A,100.0
H045,T002,Allergist,B,43.62
H046,T020,General Physician,B,70.58
H047,T015,Pain Specialist,B,76.41
H048,T004,Pulmonologist,B,72.45
H049,T001,General Physician,A,76.66
H050,T016,Psychiatrist,A,77.66
H051,T013,Pulmonologist,C,50.79
H052,T014,Allergist,B,62.35
H053,T015,Rheumatologist,B,82.35
H054,T002,Allergist,C,89.79
H055,T007,Pain Specialist,B,54.97
H056,T003,General Physician,C,25.34
H057,T017,Pain Specialist,C,48.41
H058,T012,Allergist,A,100.0
H059,T006,Pain Specialist,B,50.53
H060,T002,General Physician,C,79.5
H061,T006,Psychiatrist,C,80.2
H062,T006,General Physician,B,55.04
H063,T014,Orthopedist,C,60.24
H064,T012,Rheumatologist,A,100.0
H065,T018,Rheumatologist,C,43.18
H066,T009,Rheumatologist,B,61.34
H067,T003,Rheumatologist,C,39.53
H068,T013,Psychiatrist,C,31.73
H069,T015,Rheumatologist,C,38.31
H070,T010,General Physician,B,42.97
H071,T015,Allergist,B,65.61
H072,T009,Pain Specialist,A,66.14
H073,T010,Neurologist,B,69.21
H074,T008,Rheumatologist,A,51.99
H075,T001,Rheumatologist,C,55.96
H076,T003,Orthopedist,B,80.0
H077,T001,Rheumatologist,A,44.11
H078,T012,General Physician,C,56.73
H079,T006,Rheumatologist,C,72.1
H080,T009,Orthopedist,C,28.23
H081,T018,Rheumatologist,C,80.11
H082,T005,Pain Specialist,A,87.54
H083,T008,General Physician,B,52.31
H084,T015,General Physician,C,49.0
H085,T004,Pain Specialist,C,60.05
H086,T002,Neurologist,A,81.37
H087,T006,Orthopedist,C,59.7
H088,T003,Pulmonologist,B,48.43
H089,T019,Psychiatrist,B,68.05
H090,T016,Orthopedist,B,39.55
H091,T012,Pulmonologist,C,48.0
H092,T018,Allergist,C,33.73
H093,T016,Orthopedist,A,66.76
H094,T004,General Physician,C,72.25
H095,T018,Pulmonologist,B,84.64
H096,T010,Pulmonologist,A,90.96
H097,T016,Rheumatologist,C,30.34
H098,T018,General Physician,C,44.3
H099,T006,General Physician,C,71.84
H100,T003,Pain Specialist,C,52.55
H101,T004,Psychiatrist,C,90.0
H102,T008,General Physician,C,57.08
H103,T016,Pain Specialist,A,83.46
H104,T017,Pulmonologist,B,59.44
H105,T001,Orthopedist,B,67.4
H106,T009,General Physician,B,62.26
H107,T008,Neurologist,C,62.75
H108,T004,Allergist,B,82.22
H109,T003,Pain Specialist,A,65.85
H110,T007,Psychiatrist,B,41.04
H111,T019,Orthopedist,C,16.95
H112,T006,General Physician,A,89.14
H113,T010,Psychiatrist,C,30.14
H114,T013,General Physician,B,26.25
H115,T007,General Physician,B,71.99
H116,T020,General Physician,C,90.0
H117,T019,Orthopedist,C,49.89
H118,T005,General Physician,B,80.09
H119,T009,General Physician,C,51.47
H120,T006,General Physician,C,48.22
H121,T005,Orthopedist,B,81.54
H122,T001,Allergist,C,44.78
H123,T011,Psychiatrist,C,54.81
H124,T009,Neurologist,C,55.79
H125,T001,Pulmonologist,C,37.97
H126,T005,Pain Specialist,C,67.86
H127,T018,Orthopedist,C,46.85
H128,T005,Psychiatrist,C,36.4
H129,T003,Psychiatrist,C,59.66
H130,T009,Pulmonologist,C,33.83
H131,T020,General Physician,C,50.51
H132,T005,Rheumatologist,C,49.84
H133,T013,General Physician,A,99.55
H134,T015,General Physician,C,58.54
H135,T005,Psychiatrist,C,49.55
H136,T014,Psychiatrist,A,94.72
H137,T007,General Physician,C,75.02
H138,T012,Allergist,A,90.04
H139,T012,Psychiatrist,B,65.19
H140,T010,General Physician,C,26.39
H141,T002,Orthopedist,A,60.83
H142,T017,Rheumatologist,C,44.51
H143,T006,General Physician,C,39.03
H144,T004,Rheumatologist,B,61.63
H145,T001,Rheumatologist,A,81.02
H146,T011,General Physician,B,74.53
H147,T013,Rheumatologist,C,48.73
H148,T001,Allergist,C,58.76
H149,T010,Orthopedist,C,51.16
H150,T004,Pain Specialist,B,29.44
H151,T012,General Physician,C,33.09
H152,T004,Allergist,B,62.41
H153,T013,Orthopedist,C,28.23
H154,T007,General Physician,A,90.8
H155,T019,Allergist,C,77.55
H156,T003,Pulmonologist,B,86.94
H157,T007,Pulmonologist,C,46.16
H158,T003,General Physician,B,91.83
H159,T019,Rheumatologist,C,52.68
H160,T018,Neurologist,C,43.93
H161,T005,Allergist,A,68.96
H162,T012,Psychiatrist,C,44.56
H163,T016,Psychiatrist,C,43.01
H164,T010,General Physician,A,83.07
H165,T010,Pulmonologist,B,67.89
H166,T005,Rheumatologist,C,50.05
H167,T002,General Physician,A,87.86
H168,T018,General Physician,C,71.43
H169,T018,Pain Specialist,B,82.09
H170,T012,General Physician,C,23.27
H171,T007,Orthopedist,A,34.03
H172,T007,Psychiatrist,C,66.82
H173,T014,General Physician,C,25.4
H174,T018,Psychiatrist,C,45.95
H175,T018,Rheumatologist,C,28.94
H176,T015,Pain Specialist,A,47.56
H177,T012,Psychiatrist,C,59.75
H178,T002,Orthopedist,A,93.66
H179,T003,General Physician,A,69.62
H180,T018,Rheumatologist,B,18.36
H181,T011,Orthopedist,B,55.17
H182,T001,Allergist,C,57.05
H183,T002,General Physician,C,23.38
H184,T013,Pulmonologist,B,68.3
H185,T001,General Physician,B,64.72
H186,T003,Neurologist,C,60.43
H187,T010,Pulmonologist,B,67.15
H188,T013,Psychiatrist,B,47.48
H189,T012,Pain Specialist,A,100.0
H190,T004,General Physician,C,47.15
H191,T013,General Physician,C,49.51
H192,T005,Allergist,B,48.2
H193,T006,Pulmonologist,A,72.02
H194,T014,Allergist,C,34.07
H195,T012,Rheumatologist,C,46.89
H196,T017,Pulmonologist,B,95.81
H197,T012,Allergist,C,25.31
H198,T010,Rheumatologist,A,50.96
H199,T002,Orthopedist,B,91.48
H200,T007,Pulmonologist,C,46.23
H201,T005,Psychiatrist,B,52.96
H202,T005,Pulmonologist,C,68.72
H203,T020,Rheumatologist,B,54.1
H204,T007,Pulmonologist,B,97.87
H205,T018,General Physician,C,62.2
H206,T012,Rheumatologist,B,56.22
H207,T016,Rheumatologist,C,88.83
H208,T009,Pulmonologist,B,54.1
H209,T011,Neurologist,B,78.36
H210,T009,Pain Specialist,A,85.39
H211,T004,General Physician,C,73.43
H212,T014,Pulmonologist,B,93.11
H213,T005,General Physician,C,50.58
H214,T001,Pulmonologist,B,51.44
H215,T012,General Physician,C,58.28
H216,T004,General Physician,A,67.8
H217,T019,Pain Specialist,C,86.24
H218,T019,General Physician,C,52.46
H219,T018,Pulmonologist,C,43.42
H220,T007,Pain Specialist,C,53.32
H221,T001,General Physician,C,25.75
H222,T019,Allergist,C,32.51
H223,T008,General Physician,A,100.0
H224,T020,Psychiatrist,A,68.18
H225,T019,Allergist,C,31.16
H226,T017,Psychiatrist,C,59.66
H227,T006,Orthopedist,C,71.34
H228,T007,Allergist,B,77.94
H229,T017,Psychiatrist,A,97.93
H230,T006,General Physician,A,66.38
H231,T004,Rheumatologist,C,24.41
H232,T010,Pulmonologist,B,92.02
H233,T019,Psychiatrist,B,59.19
H234,T013,Psychiatrist,B,60.49
H235,T011,Allergist,A,100.0
H236,T002,Pulmonologist,C,60.01
H237,T011,Rheumatologist,B,73.21
H238,T020,General Physician,C,88.97
H239,T003,General Physician,B,53.42
H240,T010,Pulmonologist,B,81.7
H241,T018,Orthopedist,A,81.03
H242,T014,Psychiatrist,A,84.83
H243,T013,Pulmonologist,B,92.51
H244,T013,Pulmonologist,B,74.14
H245,T007,General Physician,C,59.69
H246,T006,Pulmonologist,B,84.31
H247,T016,Orthopedist,C,43.43
H248,T016,Pulmonologist,C,34.89
H249,T018,Rheumatologist,C,31.19
H250,T018,General Physician,A,44.61
H251,T010,Pulmonologist,B,100.0
H252,T009,Rheumatologist,A,60.14
H253,T016,General Physician,B,61.02
H254,T012,Neurologist,C,45.02
H255,T013,Neurologist,A,85.53
H256,T016,Psychiatrist,B,79.68
H257,T018,Neurologist,C,65.49
H258,T007,Psychiatrist,C,39.5
H259,T007,General Physician,C,46.99
H260,T002,General Physician,A,85.09
H261,T011,Rheumatologist,B,60.52
H262,T001,Allergist,B,93.93
H263,T009,Psychiatrist,A,88.84
H264,T010,General Physician,B,78.23
H265,T006,Pain Specialist,A,91.93
H266,T011,Allergist,A,100.0
H267,T001,Rheumatologist,B,68.26
H268,T001,Psychiatrist,A,56.66
H269,T016,Pain Specialist,C,57.19
H270,T007,Psychiatrist,C,38.28
H271,T003,Orthopedist,C,40.48
H272,T010,Pulmonologist,B,75.55
H273,T015,Allergist,A,100.0
H274,T004,Psychiatrist,A,80.38
H275,T012,Neurologist,C,55.56
H276,T002,Allergist,C,80.64
H277,T001,Neurologist,A,84.33
H278,T010,Rheumatologist,C,90.0
H279,T010,Psychiatrist,A,90.18
H280,T012,Psychiatrist,B,33.31
H281,T014,General Physician,C,63.56
H282,T020,Pulmonologist,C,56.86
H283,T010,Allergist,C,73.22
H284,T006,Allergist,C,62.12
H285,T016,Pain Specialist,B,62.51
H286,T005,Orthopedist,C,27.96
H287,T008,Allergist,A,76.24
H288,T002,Pulmonologist,C,34.69
H289,T001,Rheumatologist,B,54.55
H290,T019,Allergist,C,60.59
H291,T017,Pulmonologist,B,95.06
H292,T013,Pain Specialist,C,57.1
H293,T008,Psychiatrist,B,43.47
H294,T004,General Physician,C,58.0
H295,T003,Orthopedist,A,100.0
H296,T005,General Physician,A,69.02
H297,T010,Pulmonologist,B,62.59
H298,T013,Orthopedist,A,80.26
H299,T012,General Physician,C,35.87
H300,T005,General Physician,B,76.67
H301,T019,Psychiatrist,C,47.82
H302,T014,Allergist,B,72.55
H303,T010,General Physician,A,64.03
H304,T011,General Physician,C,42.13
H305,T008,Pulmonologist,C,63.0
H306,T005,Pain Specialist,B,58.29
H307,T007,General Physician,C,81.09
H308,T015,Pain Specialist,C,42.81
H309,T001,Rheumatologist,B,69.04
H310,T003,Rheumatologist,C,66.79
H311,T001,Pain Specialist,C,24.47
H312,T001,General Physician,C,18.31
H313,T017,Allergist,A,52.54
H314,T013,General Physician,C,72.73
H315,T009,Psychiatrist,A,70.07
H316,T002,Psychiatrist,A,100.0
H317,T009,Orthopedist,B,54.84
H318,T009,Neurologist,B,68.32
H319,T004,Rheumatologist,C,77.76
H320,T008,Allergist,C,86.11
H321,T007,Rheumatologist,C,87.11
H322,T012,General Physician,B,86.75
H323,T012,Orthopedist,B,83.43
H324,T001,Allergist,B,75.67
H325,T007,Pain Specialist,C,64.01
H326,T012,Psychiatrist,A,70.08
H327,T009,Orthopedist,C,35.27
H328,T017,Pulmonologist,C,49.94
H329,T012,General Physician,B,61.94
H330,T003,Allergist,C,41.84
H331,T002,General Physician,B,77.53
H332,T012,Rheumatologist,C,67.2
H333,T001,Orthopedist,C,51.59
H334,T011,Pain Specialist,B,91.6
H335,T019,Psychiatrist,B,44.45
H336,T011,Orthopedist,C,46.51
H337,T007,Pulmonologist,C,37.1
H338,T012,Pain Specialist,B,31.4
H339,T008,Pain Specialist,C,48.51
H340,T010,General Physician,C,47.81
H341,T019,General Physician,C,77.24
H342,T007,Psychiatrist,A,91.35
H343,T019,Rheumatologist,C,31.56
H344,T018,Rheumatologist,C,83.37
H345,T004,Pulmonologist,A,100.0
H346,T002,Allergist,B,75.48
H347,T002,General Physician,C,45.92
H348,T001,General Physician,A,62.73
H349,T002,Psychiatrist,C,43.3
H350,T013,General Physician,B,84.6
H351,T002,Orthopedist,B,98.92
H352,T006,Rheumatologist,C,77.78
H353,T017,Neurologist,B,56.2
H354,T001,Neurologist,B,44.85
H355,T016,Orthopedist,B,67.54
H356,T005,General Physician,C,18.17
H357,T003,General Physician,A,85.82
H358,T013,Neurologist,B,62.34
H359,T012,Orthopedist,C,41.61
H360,T018,Orthopedist,B,36.3
H361,T014,Pulmonologist,C,59.24
H362,T016,Rheumatologist,B,55.41
H363,T005,Neurologist,C,28.94
H364,T004,General Physician,A,30.0
H365,T015,Orthopedist,C,49.5
H366,T016,General Physician,B,96.9
H367,T020,Neurologist,B,94.9
H368,T008,Pulmonologist,A,71.77
H369,T007,Pulmonologist,A,69.16
H370,T015,General Physician,B,73.44
H371,T007,Neurologist,B,47.03
H372,T019,General Physician,C,55.43
H373,T017,General Physician,B,78.79
H374,T008,Allergist,B,87.08
H375,T015,Orthopedist,C,48.2
H376,T015,Orthopedist,C,46.33
H377,T002,General Physician,A,64.2
H378,T018,Orthopedist,A,65.12
H379,T009,Rheumatologist,A,75.92
H380,T017,Psychiatrist,C,56.61
H381,T006,General Physician,C,66.44
H382,T018,Allergist,B,50.54
H383,T007,Pulmonologist,C,76.87
H384,T001,General Physician,C,45.12
H385,T018,General Physician,C,49.62
H386,T002,General Physician,C,36.55
H387,T006,Psychiatrist,B,21.36
H388,T019,General Physician,A,95.91
H389,T019,Psychiatrist,B,78.26
H390,T011,General Physician,A,74.94
H391,T012,Psychiatrist,B,66.21
H392,T008,General Physician,C,59.29
H393,T006,General Physician,A,51.87
H394,T006,Allergist,A,70.48
H395,T013,Pulmonologist,B,79.3
H396,T015,Rheumatologist,C,27.42
H397,T016,Pulmonologist,B,70.28
H398,T016,Pain Specialist,B,40.58
H399,T002,Allergist,A,88.4
H400,T009,Pulmonologist,A,79.36
H401,T002,General Physician,C,20.93
H402,T010,Orthopedist,C,70.97
H403,T008,General Physician,A,66.78
H404,T018,Psychiatrist,C,35.42
H405,T007,Psychiatrist,C,53.61
H406,T003,General Physician,C,70.68
H407,T003,Rheumatologist,B,46.72
H408,T015,Pulmonologist,B,66.11
H409,T012,Allergist,B,72.72
H410,T002,Pain Specialist,C,62.48
H411,T002,Rheumatologist,A,83.18
H412,T013,General Physician,A,73.39
H413,T002,Orthopedist,B,50.1
H414,T016,Allergist,C,51.55
H415,T013,Orthopedist,B,45.7
H416,T002,Psychiatrist,C,10.0
H417,T002,General Physician,C,57.86
H418,T020,Psychiatrist,A,96.27
H419,T007,Neurologist,C,10.0
H420,T007,Pulmonologist,B,46.82
H421,T016,General Physician,C,61.14
H422,T019,Orthopedist,A,100.0
H423,T020,Rheumatologist,C,50.37
H424,T015,Allergist,C,36.9
H425,T007,Pulmonologist,C,46.71
H426,T002,Psychiatrist,C,74.75
H427,T015,Psychiatrist,B,53.37
H428,T010,Neurologist,C,35.61
H429,T008,Rheumatologist,C,41.31
H430,T018,Allergist,C,32.84
H431,T003,General Physician,A,82.21
H432,T009,General Physician,C,79.24
H433,T001,Pain Specialist,C,55.82
H434,T009,Orthopedist,C,45.46
H435,T001,Rheumatologist,B,59.75
H436,T003,Pulmonologist,C,21.86
H437,T003,Orthopedist,B,80.9
H438,T012,Psychiatrist,C,48.6
H439,T014,General Physician,A,76.75
H440,T011,General Physician,C,90.0
H441,T019,General Physician,C,55.38
H442,T007,General Physician,A,66.47
H443,T006,Neurologist,C,42.33
H444,T018,General Physician,B,85.67
H445,T004,Psychiatrist,C,52.04
H446,T019,Pain Specialist,C,24.11
H447,T001,Neurologist,C,66.55
H448,T020,Allergist,C,37.97
H449,T001,Pulmonologist,C,83.72
H450,T018,General Physician,B,84.44
H451,T010,Orthopedist,B,56.95
H452,T020,General Physician,C,73.06
H453,T002,Psychiatrist,C,51.22
H454,T010,Orthopedist,C,65.35
H455,T020,Pain Specialist,C,58.73
H456,T010,Psychiatrist,B,49.77
H457,T012,General Physician,C,38.42
H458,T013,Pulmonologist,A,98.54
H459,T008,Orthopedist,B,58.97
H460,T012,Orthopedist,A,72.73
H461,T011,Neurologist,B,47.81
H462,T018,Pain Specialist,B,72.62
H463,T001,Neurologist,B,100.0
H464,T005,General Physician,C,30.78
H465,T019,General Physician,B,65.44
H466,T018,Pulmonologist,B,90.42
H467,T008,Pulmonologist,B,63.57
H468,T012,Neurologist,B,73.14
H469,T005,General Physician,B,45.88
H470,T004,Psychiatrist,A,87.71
H471,T008,General Physician,C,46.63
H472,T007,Orthopedist,C,67.74
H473,T011,Allergist,C,71.37
H474,T002,Rheumatologist,B,100.0
H475,T020,Allergist,B,75.43
H476,T020,General Physician,C,55.86
H477,T013,Rheumatologist,B,68.5
H478,T010,Psychiatrist,B,58.64
H479,T006,Pulmonologist,A,86.09
H480,T016,Pulmonologist,B,59.68
H481,T013,Pulmonologist,B,68.03
H482,T003,Neurologist,B,88.72
H483,T018,Neurologist,C,31.88
H484,T016,Pulmonologist,B,85.52
H485,T019,General Physician,C,73.71
H486,T014,Pain Specialist,C,47.87
H487,T011,General Physician,C,11.81
H488,T008,Allergist,C,39.06
H489,T019,Allergist,C,73.35
H490,T017,Orthopedist,A,79.59
H491,T001,Neurologist,A,62.01
H492,T001,Allergist,A,70.91
H493,T007,Rheumatologist,C,65.13
H494,T016,Psychiatrist,C,59.84
H495,T020,Allergist,B,60.7
H496,T003,Orthopedist,C,43.4
H497,T011,Neurologist,A,72.95
H498,T007,General Physician,C,33.4
H499,T020,Allergist,B,94.08
H500,T017,Allergist,A,74.2
