hcp_id,territory_id,specialty,hcp_tier,potential_score,total_calls,uncovered_flag,tier_score,opportunity_score
H474,T002,Rheumatologist,B,100.0,0,1,2,84.0
H204,T007,Pulmonologist,B,97.87,0,1,2,82.72200000000001
H034,T004,Orthopedist,B,96.49,0,1,2,81.89399999999999
H367,T020,Neurologist,B,94.9,0,1,2,80.94
H499,T020,Allergist,B,94.08,0,1,2,80.44800000000001
H262,T001,Allergist,B,93.93,0,1,2,80.358
H243,T013,Pulmonologist,B,92.51,0,1,2,79.506
H199,T002,Orthopedist,B,91.48,0,1,2,78.888
H470,T004,Psychiatrist,A,87.71,0,1,3,78.626
H479,T006,Pulmonologist,A,86.09,0,1,3,77.654
H242,T014,Psychiatrist,A,84.83,0,1,3,76.898
H116,T020,General Physician,C,90.0,0,1,1,76.0
H054,T002,Allergist,C,89.79,0,1,1,75.874
H246,T006,Pulmonologist,B,84.31,0,1,2,74.586
H053,T015,Rheumatologist,B,82.35,0,1,2,73.41
H500,T017,Allergist,A,74.2,0,1,3,70.52000000000001
H081,T018,Rheumatologist,C,80.11,0,1,1,70.066
H412,T013,General Physician,A,73.39,0,1,3,70.03399999999999
H432,T009,General Physician,C,79.24,0,1,1,69.544
H352,T006,Rheumatologist,C,77.78,0,1,1,68.668
H155,T019,Allergist,C,77.55,0,1,1,68.53
H468,T012,Neurologist,B,73.14,0,1,2,67.884
H409,T012,Allergist,B,72.72,0,1,2,67.632
H397,T016,Pulmonologist,B,70.28,0,1,2,66.168
H489,T019,Allergist,C,73.35,0,1,1,66.00999999999999
H422,T019,Orthopedist,A,100.0,288,0,3,66.0
H044,T016,General Physician,A,100.0,212,0,3,66.0
H295,T003,Orthopedist,A,100.0,185,0,3,66.0
H235,T011,Allergist,A,100.0,200,0,3,66.0
H024,T010,Neurologist,A,100.0,164,0,3,66.0
H058,T012,Allergist,A,100.0,190,0,3,66.0
H273,T015,Allergist,A,100.0,320,0,3,66.0
H266,T011,Allergist,A,100.0,210,0,3,66.0
H189,T012,Pain Specialist,A,100.0,192,0,3,66.0
H223,T008,General Physician,A,100.0,256,0,3,66.0
H345,T004,Pulmonologist,A,100.0,267,0,3,66.0
H316,T002,Psychiatrist,A,100.0,187,0,3,66.0
H064,T012,Rheumatologist,A,100.0,204,0,3,66.0
H442,T007,General Physician,A,66.47,0,1,3,65.882
H133,T013,General Physician,A,99.55,207,0,3,65.72999999999999
H314,T013,General Physician,C,72.73,0,1,1,65.638
H458,T013,Pulmonologist,A,98.54,202,0,3,65.124
H184,T013,Pulmonologist,B,68.3,0,1,2,64.97999999999999
H089,T019,Psychiatrist,B,68.05,0,1,2,64.83
H227,T006,Orthopedist,C,71.34,0,1,1,64.804
H229,T017,Psychiatrist,A,97.93,298,0,3,64.75800000000001
H402,T010,Orthopedist,C,70.97,0,1,1,64.582
H105,T001,Orthopedist,B,67.4,0,1,2,64.44
H406,T003,General Physician,C,70.68,0,1,1,64.408
H010,T019,Psychiatrist,A,96.93,245,0,3,64.158
H251,T010,Pulmonologist,B,100.0,111,0,2,64.0
H463,T001,Neurologist,B,100.0,128,0,2,64.0
H007,T011,Pulmonologist,A,96.53,178,0,3,63.918
H418,T020,Psychiatrist,A,96.27,326,0,3,63.76199999999999
H391,T012,Psychiatrist,B,66.21,0,1,2,63.72599999999999
H388,T019,General Physician,A,95.91,283,0,3,63.546
H351,T002,Orthopedist,B,98.92,113,0,2,63.352
H465,T019,General Physician,B,65.44,0,1,2,63.263999999999996
H136,T014,Psychiatrist,A,94.72,487,0,3,62.832
H472,T007,Orthopedist,C,67.74,0,1,1,62.644
H141,T002,Orthopedist,A,60.83,0,1,3,62.498
H332,T012,Rheumatologist,C,67.2,0,1,1,62.32
H178,T002,Orthopedist,A,93.66,137,0,3,62.196
H366,T016,General Physician,B,96.9,142,0,2,62.14
H002,T016,Pain Specialist,B,63.23,0,1,2,61.937999999999995
H447,T001,Neurologist,C,66.55,0,1,1,61.93
H196,T017,Pulmonologist,B,95.81,216,0,2,61.486
H257,T018,Neurologist,C,65.49,0,1,1,61.294
H454,T010,Orthopedist,C,65.35,0,1,1,61.209999999999994
H265,T006,Pain Specialist,A,91.93,236,0,3,61.158
H291,T017,Pulmonologist,B,95.06,196,0,2,61.036
H342,T007,Psychiatrist,A,91.35,211,0,3,60.809999999999995
H253,T016,General Physician,B,61.02,0,1,2,60.612
H096,T010,Pulmonologist,A,90.96,130,0,3,60.57599999999999
H154,T007,General Physician,A,90.8,187,0,3,60.48
H325,T007,Pain Specialist,C,64.01,0,1,1,60.406
H281,T014,General Physician,C,63.56,0,1,1,60.136
H279,T010,Psychiatrist,A,90.18,157,0,3,60.108000000000004
H138,T012,Allergist,A,90.04,171,0,3,60.024
H212,T014,Pulmonologist,B,93.11,308,0,2,59.866
H112,T006,General Physician,A,89.14,215,0,3,59.484
H263,T009,Psychiatrist,A,88.84,237,0,3,59.304
H232,T010,Pulmonologist,B,92.02,102,0,2,59.211999999999996
H158,T003,General Physician,B,91.83,119,0,2,59.098
H399,T002,Allergist,A,88.4,152,0,3,59.04
H306,T005,Pain Specialist,B,58.29,0,1,2,58.974
H334,T011,Pain Specialist,B,91.6,126,0,2,58.959999999999994
H167,T002,General Physician,A,87.86,149,0,3,58.716
H421,T016,General Physician,C,61.14,0,1,1,58.684
H082,T005,Pain Specialist,A,87.54,221,0,3,58.524
H466,T018,Pulmonologist,B,90.42,120,0,2,58.252
H063,T014,Orthopedist,C,60.24,0,1,1,58.144
H357,T003,General Physician,A,85.82,146,0,3,57.492
H255,T013,Neurologist,A,85.53,172,0,3,57.318
H210,T009,Pain Specialist,A,85.39,213,0,3,57.234
H482,T003,Neurologist,B,88.72,127,0,2,57.232
H260,T002,General Physician,A,85.09,147,0,3,57.054
H277,T001,Neurologist,A,84.33,128,0,3,56.598
H040,T007,Orthopedist,B,87.46,109,0,2,56.47599999999999
H374,T008,Allergist,B,87.08,122,0,2,56.248
H156,T003,Pulmonologist,B,86.94,121,0,2,56.163999999999994
H103,T016,Pain Specialist,A,83.46,167,0,3,56.07599999999999
H322,T012,General Physician,B,86.75,130,0,2,56.05
H440,T011,General Physician,C,90.0,78,0,1,56.0
H278,T010,Rheumatologist,C,90.0,82,0,1,56.0
H101,T004,Psychiatrist,C,90.0,108,0,1,56.0
H411,T002,Rheumatologist,A,83.18,138,0,3,55.908
H164,T010,General Physician,A,83.07,140,0,3,55.84199999999999
H476,T020,General Physician,C,55.86,0,1,1,55.516
H444,T018,General Physician,B,85.67,97,0,2,55.402
H238,T020,General Physician,C,88.97,142,0,1,55.382
H431,T003,General Physician,A,82.21,161,0,3,55.32599999999999
H484,T016,Pulmonologist,B,85.52,131,0,2,55.312
H207,T016,Rheumatologist,C,88.83,93,0,1,55.297999999999995
H015,T013,Pain Specialist,A,81.9,180,0,3,55.14
H086,T002,Neurologist,A,81.37,141,0,3,54.822
H095,T018,Pulmonologist,B,84.64,122,0,2,54.784
H350,T013,General Physician,B,84.6,112,0,2,54.76
H450,T018,General Physician,B,84.44,110,0,2,54.663999999999994
H241,T018,Orthopedist,A,81.03,186,0,3,54.618
H145,T001,Rheumatologist,A,81.02,140,0,3,54.611999999999995
H321,T007,Rheumatologist,C,87.11,86,0,1,54.266
H274,T004,Psychiatrist,A,80.38,194,0,3,54.227999999999994
H298,T013,Orthopedist,A,80.26,209,0,3,54.156
H413,T002,Orthopedist,B,50.1,0,1,2,54.06
H323,T012,Orthopedist,B,83.43,100,0,2,54.058
H220,T007,Pain Specialist,C,53.32,0,1,1,53.992
H490,T017,Orthopedist,A,79.59,218,0,3,53.754
H217,T019,Pain Specialist,C,86.24,110,0,1,53.74399999999999
H320,T008,Allergist,C,86.11,112,0,1,53.666
H400,T009,Pulmonologist,A,79.36,194,0,3,53.616
H108,T004,Allergist,B,82.22,149,0,2,53.332
H169,T018,Pain Specialist,B,82.09,117,0,2,53.254
H445,T004,Psychiatrist,C,52.04,0,1,1,53.224
H240,T010,Pulmonologist,B,81.7,86,0,2,53.02
H121,T005,Orthopedist,B,81.54,154,0,2,52.924
H192,T005,Allergist,B,48.2,0,1,2,52.92
H119,T009,General Physician,C,51.47,0,1,1,52.882
H050,T016,Psychiatrist,A,77.66,176,0,3,52.596
H437,T003,Orthopedist,B,80.9,114,0,2,52.54
H051,T013,Pulmonologist,C,50.79,0,1,1,52.474
H449,T001,Pulmonologist,C,83.72,80,0,1,52.232
H118,T005,General Physician,B,80.09,141,0,2,52.054
H439,T014,General Physician,A,76.75,369,0,3,52.05
H166,T005,Rheumatologist,C,50.05,0,1,1,52.03
H344,T018,Rheumatologist,C,83.37,72,0,1,52.022
H076,T003,Orthopedist,B,80.0,112,0,2,52.0
H049,T001,General Physician,A,76.66,126,0,3,51.995999999999995
H117,T019,Orthopedist,C,49.89,0,1,1,51.934
H256,T016,Psychiatrist,B,79.68,142,0,2,51.808
H287,T008,Allergist,A,76.24,181,0,3,51.74399999999999
H135,T005,Psychiatrist,C,49.55,0,1,1,51.73
H365,T015,Orthopedist,C,49.5,0,1,1,51.7
H395,T013,Pulmonologist,B,79.3,95,0,2,51.58
H379,T009,Rheumatologist,A,75.92,173,0,3,51.552
H373,T017,General Physician,B,78.79,173,0,2,51.274
H438,T012,Psychiatrist,C,48.6,0,1,1,51.16
H209,T011,Neurologist,B,78.36,105,0,2,51.016
H390,T011,General Physician,A,74.94,157,0,3,50.964
H389,T019,Psychiatrist,B,78.26,125,0,2,50.956
H264,T010,General Physician,B,78.23,85,0,2,50.938
H228,T007,Allergist,B,77.94,96,0,2,50.763999999999996
H486,T014,Pain Specialist,C,47.87,0,1,1,50.721999999999994
H307,T007,General Physician,C,81.09,85,0,1,50.654
H331,T002,General Physician,B,77.53,80,0,2,50.518
H276,T002,Allergist,C,80.64,62,0,1,50.384
H061,T006,Psychiatrist,C,80.2,85,0,1,50.12
H127,T018,Orthopedist,C,46.85,0,1,1,50.11
H300,T005,General Physician,B,76.67,140,0,2,50.002
H047,T015,Pain Specialist,B,76.41,167,0,2,49.846
H070,T010,General Physician,B,42.97,0,1,2,49.782
H497,T011,Neurologist,A,72.95,164,0,3,49.77
H200,T007,Pulmonologist,C,46.23,0,1,1,49.738
H060,T002,General Physician,C,79.5,76,0,1,49.699999999999996
H460,T012,Orthopedist,A,72.73,139,0,3,49.638
H012,T016,Allergist,C,45.96,0,1,1,49.576
H035,T001,Pulmonologist,B,42.61,0,1,2,49.566
H324,T001,Allergist,B,75.67,70,0,2,49.402
H026,T004,Pulmonologist,A,72.27,186,0,3,49.361999999999995
H272,T010,Pulmonologist,B,75.55,74,0,2,49.33
H346,T002,Allergist,B,75.48,70,0,2,49.288000000000004
H475,T020,Allergist,B,75.43,171,0,2,49.258
H193,T006,Pulmonologist,A,72.02,164,0,3,49.211999999999996
H384,T001,General Physician,C,45.12,0,1,1,49.072
H368,T008,Pulmonologist,A,71.77,170,0,3,49.062
H013,T006,Pulmonologist,B,74.9,130,0,2,48.940000000000005
H028,T015,Pulmonologist,B,74.78,181,0,2,48.868
H122,T001,Allergist,C,44.78,0,1,1,48.867999999999995
H146,T011,General Physician,B,74.53,115,0,2,48.717999999999996
H319,T004,Rheumatologist,C,77.76,88,0,1,48.656
H492,T001,Allergist,A,70.91,121,0,3,48.546
H244,T013,Pulmonologist,B,74.14,105,0,2,48.484
H341,T019,General Physician,C,77.24,83,0,1,48.343999999999994
H394,T006,Allergist,A,70.48,161,0,3,48.288000000000004
H383,T007,Pulmonologist,C,76.87,52,0,1,48.122
H370,T015,General Physician,B,73.44,155,0,2,48.064
H326,T012,Psychiatrist,A,70.08,133,0,3,48.047999999999995
H315,T009,Psychiatrist,A,70.07,145,0,3,48.041999999999994
H237,T011,Rheumatologist,B,73.21,90,0,2,47.925999999999995
H179,T003,General Physician,A,69.62,127,0,3,47.772
H462,T018,Pain Specialist,B,72.62,99,0,2,47.572
H302,T014,Allergist,B,72.55,243,0,2,47.529999999999994
H369,T007,Pulmonologist,A,69.16,126,0,3,47.495999999999995
H048,T004,Pulmonologist,B,72.45,129,0,2,47.47
H296,T005,General Physician,A,69.02,210,0,3,47.412
H161,T005,Allergist,A,68.96,192,0,3,47.376
H115,T007,General Physician,B,71.99,100,0,2,47.193999999999996
H006,T001,Pulmonologist,C,75.06,71,0,1,47.036
H137,T007,General Physician,C,75.02,63,0,1,47.01199999999999
H359,T012,Orthopedist,C,41.61,0,1,1,46.965999999999994
H224,T020,Psychiatrist,A,68.18,239,0,3,46.908
H426,T002,Psychiatrist,C,74.75,55,0,1,46.85
H216,T004,General Physician,A,67.8,155,0,3,46.68
H046,T020,General Physician,B,70.58,134,0,2,46.348
H271,T003,Orthopedist,C,40.48,0,1,1,46.288
H485,T019,General Physician,C,73.71,80,0,1,46.22599999999999
H403,T008,General Physician,A,66.78,140,0,3,46.068
H211,T004,General Physician,C,73.43,96,0,1,46.058
H093,T016,Orthopedist,A,66.76,151,0,3,46.056000000000004
H283,T010,Allergist,C,73.22,60,0,1,45.931999999999995
H452,T020,General Physician,C,73.06,125,0,1,45.836
H230,T006,General Physician,A,66.38,157,0,3,45.827999999999996
H072,T009,Pain Specialist,A,66.14,142,0,3,45.684
H073,T010,Neurologist,B,69.21,59,0,2,45.525999999999996
H109,T003,Pain Specialist,A,65.85,126,0,3,45.51
H309,T001,Rheumatologist,B,69.04,84,0,2,45.424
H023,T006,Orthopedist,B,69.03,108,0,2,45.418
H094,T004,General Physician,C,72.25,95,0,1,45.35
H079,T006,Rheumatologist,C,72.1,74,0,1,45.26
H099,T006,General Physician,C,71.84,76,0,1,45.104
H477,T013,Rheumatologist,B,68.5,93,0,2,45.1
H378,T018,Orthopedist,A,65.12,130,0,3,45.072
H318,T009,Neurologist,B,68.32,121,0,2,44.992
H267,T001,Rheumatologist,B,68.26,80,0,2,44.956
H005,T011,Orthopedist,B,68.24,100,0,2,44.943999999999996
H168,T018,General Physician,C,71.43,58,0,1,44.858000000000004
H473,T011,Allergist,C,71.37,76,0,1,44.822
H481,T013,Pulmonologist,B,68.03,106,0,2,44.818
H448,T020,Allergist,C,37.97,0,1,1,44.782
H165,T010,Pulmonologist,B,67.89,89,0,2,44.734
H355,T016,Orthopedist,B,67.54,112,0,2,44.524
H377,T002,General Physician,A,64.2,111,0,3,44.52
H036,T006,Psychiatrist,C,37.53,0,1,1,44.518
H303,T010,General Physician,A,64.03,105,0,3,44.418
H187,T010,Pulmonologist,B,67.15,78,0,2,44.29
H337,T007,Pulmonologist,C,37.1,0,1,1,44.260000000000005
H386,T002,General Physician,C,36.55,0,1,1,43.92999999999999
H128,T005,Psychiatrist,C,36.4,0,1,1,43.84
H408,T015,Pulmonologist,B,66.11,151,0,2,43.666
H348,T001,General Physician,A,62.73,104,0,3,43.638
H011,T020,Pulmonologist,A,62.32,206,0,3,43.391999999999996
H428,T010,Neurologist,C,35.61,0,1,1,43.366
H071,T015,Allergist,B,65.61,152,0,2,43.366
H404,T018,Psychiatrist,C,35.42,0,1,1,43.251999999999995
H202,T005,Pulmonologist,C,68.72,102,0,1,43.232
H491,T001,Neurologist,A,62.01,108,0,3,43.205999999999996
H139,T012,Psychiatrist,B,65.19,93,0,2,43.114
H248,T016,Pulmonologist,C,34.89,0,1,1,42.934
H185,T001,General Physician,B,64.72,71,0,2,42.832
H126,T005,Pain Specialist,C,67.86,108,0,1,42.716
H467,T008,Pulmonologist,B,63.57,94,0,2,42.141999999999996
H172,T007,Psychiatrist,C,66.82,59,0,1,42.09199999999999
H252,T009,Rheumatologist,A,60.14,145,0,3,42.083999999999996
H310,T003,Rheumatologist,C,66.79,66,0,1,42.074000000000005
H381,T006,General Physician,C,66.44,69,0,1,41.864
H151,T012,General Physician,C,33.09,0,1,1,41.854
H038,T005,General Physician,C,66.11,102,0,1,41.666
H297,T010,Pulmonologist,B,62.59,59,0,2,41.554
H285,T016,Pain Specialist,B,62.51,76,0,2,41.506
H152,T004,Allergist,B,62.41,100,0,2,41.446
H052,T014,Allergist,B,62.35,215,0,2,41.41
H358,T013,Neurologist,B,62.34,91,0,2,41.404
H106,T009,General Physician,B,62.26,92,0,2,41.355999999999995
H329,T012,General Physician,B,61.94,63,0,2,41.163999999999994
H493,T007,Rheumatologist,C,65.13,68,0,1,41.077999999999996
H068,T013,Psychiatrist,C,31.73,0,1,1,41.038
H144,T004,Rheumatologist,B,61.63,101,0,2,40.978
H066,T009,Rheumatologist,B,61.34,83,0,2,40.804
H249,T018,Rheumatologist,C,31.19,0,1,1,40.714
H495,T020,Allergist,B,60.7,152,0,2,40.42
H261,T011,Rheumatologist,B,60.52,70,0,2,40.312
H234,T013,Psychiatrist,B,60.49,78,0,2,40.294
H113,T010,Psychiatrist,C,30.14,0,1,1,40.084
H268,T001,Psychiatrist,A,56.66,95,0,3,39.995999999999995
H435,T001,Rheumatologist,B,59.75,57,0,2,39.85
H480,T016,Pulmonologist,B,59.68,100,0,2,39.808
H305,T008,Pulmonologist,C,63.0,68,0,1,39.8
H104,T017,Pulmonologist,B,59.44,120,0,2,39.663999999999994
H107,T008,Neurologist,C,62.75,65,0,1,39.65
H233,T019,Psychiatrist,B,59.19,97,0,2,39.513999999999996
H410,T002,Pain Specialist,C,62.48,52,0,1,39.488
H459,T008,Orthopedist,B,58.97,97,0,2,39.382
H205,T018,General Physician,C,62.2,56,0,1,39.32
H284,T006,Allergist,C,62.12,46,0,1,39.272
H478,T010,Psychiatrist,B,58.64,64,0,2,39.184
H396,T015,Rheumatologist,C,27.42,0,1,1,38.452
H290,T019,Allergist,C,60.59,73,0,1,38.354
H186,T003,Neurologist,C,60.43,53,0,1,38.257999999999996
H451,T010,Orthopedist,B,56.95,53,0,2,38.17
H085,T004,Pain Specialist,C,60.05,67,0,1,38.029999999999994
H236,T002,Pulmonologist,C,60.01,49,0,1,38.006
H022,T013,General Physician,C,59.94,58,0,1,37.964
H494,T016,Psychiatrist,C,59.84,81,0,1,37.904
H177,T012,Psychiatrist,C,59.75,55,0,1,37.85
H140,T010,General Physician,C,26.39,0,1,1,37.834
H087,T006,Orthopedist,C,59.7,60,0,1,37.82
H245,T007,General Physician,C,59.69,58,0,1,37.814
H226,T017,Psychiatrist,C,59.66,90,0,1,37.796
H129,T003,Psychiatrist,C,59.66,47,0,1,37.796
H206,T012,Rheumatologist,B,56.22,64,0,2,37.732
H353,T017,Neurologist,B,56.2,113,0,2,37.72
H392,T008,General Physician,C,59.29,54,0,1,37.574
H361,T014,Pulmonologist,C,59.24,142,0,1,37.544
H313,T017,Allergist,A,52.54,189,0,3,37.524
H148,T001,Allergist,C,58.76,51,0,1,37.256
H362,T016,Rheumatologist,B,55.41,86,0,2,37.245999999999995
H455,T020,Pain Specialist,C,58.73,79,0,1,37.238
H056,T003,General Physician,C,25.34,0,1,1,37.204
H074,T008,Rheumatologist,A,51.99,118,0,3,37.194
H134,T015,General Physician,C,58.54,88,0,1,37.123999999999995
H393,T006,General Physician,A,51.87,100,0,3,37.122
H181,T011,Orthopedist,B,55.17,73,0,2,37.102
H062,T006,General Physician,B,55.04,100,0,2,37.024
H055,T007,Pain Specialist,B,54.97,83,0,2,36.982
H215,T012,General Physician,C,58.28,43,0,1,36.967999999999996
H317,T009,Orthopedist,B,54.84,83,0,2,36.904
H294,T004,General Physician,C,58.0,59,0,1,36.8
H020,T018,Neurologist,C,57.93,62,0,1,36.757999999999996
H289,T001,Rheumatologist,B,54.55,61,0,2,36.73
H417,T002,General Physician,C,57.86,41,0,1,36.716
H231,T004,Rheumatologist,C,24.41,0,1,1,36.646
H198,T010,Rheumatologist,A,50.96,86,0,3,36.576
H017,T003,Allergist,B,54.18,68,0,2,36.507999999999996
H446,T019,Pain Specialist,C,24.11,0,1,1,36.466
H203,T020,Rheumatologist,B,54.1,112,0,2,36.46
H208,T009,Pulmonologist,B,54.1,92,0,2,36.46
H269,T016,Pain Specialist,C,57.19,62,0,1,36.314
H292,T013,Pain Specialist,C,57.1,54,0,1,36.26
H102,T008,General Physician,C,57.08,71,0,1,36.248
H182,T001,Allergist,C,57.05,41,0,1,36.23
H282,T020,Pulmonologist,C,56.86,78,0,1,36.116
H239,T003,General Physician,B,53.42,78,0,2,36.052
H078,T012,General Physician,C,56.73,55,0,1,36.038
H183,T002,General Physician,C,23.38,0,1,1,36.028
H427,T015,Psychiatrist,B,53.37,101,0,2,36.022
H380,T017,Psychiatrist,C,56.61,83,0,1,35.966
H032,T018,General Physician,B,53.07,75,0,2,35.842
H201,T005,Psychiatrist,B,52.96,120,0,2,35.775999999999996
H041,T005,General Physician,B,52.88,119,0,2,35.728
H075,T001,Rheumatologist,C,55.96,47,0,1,35.576
H433,T001,Pain Specialist,C,55.82,46,0,1,35.492
H124,T009,Neurologist,C,55.79,66,0,1,35.474
H018,T009,Psychiatrist,C,55.76,83,0,1,35.455999999999996
H083,T008,General Physician,B,52.31,73,0,2,35.385999999999996
H275,T012,Neurologist,C,55.56,62,0,1,35.336
H372,T019,General Physician,C,55.43,68,0,1,35.257999999999996
H441,T019,General Physician,C,55.38,72,0,1,35.228
H008,T004,Allergist,C,21.73,0,1,1,35.038
H042,T010,Psychiatrist,C,55.02,35,0,1,35.012
H123,T011,Psychiatrist,C,54.81,52,0,1,34.886
H214,T001,Pulmonologist,B,51.44,63,0,2,34.864
H176,T015,Pain Specialist,A,47.56,166,0,3,34.536
H382,T018,Allergist,B,50.54,73,0,2,34.324
H059,T006,Pain Specialist,B,50.53,87,0,2,34.318
H405,T007,Psychiatrist,C,53.61,48,0,1,34.166
H043,T003,General Physician,B,49.96,48,0,2,33.976
H456,T010,Psychiatrist,B,49.77,50,0,2,33.862
H159,T019,Rheumatologist,C,52.68,66,0,1,33.608
H100,T003,Pain Specialist,C,52.55,38,0,1,33.53
H218,T019,General Physician,C,52.46,79,0,1,33.476
H025,T010,Pain Specialist,C,52.25,39,0,1,33.349999999999994
H027,T020,Pain Specialist,C,52.2,75,0,1,33.32
H088,T003,Pulmonologist,B,48.43,47,0,2,33.058
H333,T001,Orthopedist,C,51.59,44,0,1,32.954
H414,T016,Allergist,C,51.55,49,0,1,32.92999999999999
H250,T018,General Physician,A,44.61,96,0,3,32.766
H453,T002,Psychiatrist,C,51.22,41,0,1,32.732
H149,T010,Orthopedist,C,51.16,39,0,1,32.696
H461,T011,Neurologist,B,47.81,63,0,2,32.686
H029,T019,Psychiatrist,C,50.88,71,0,1,32.528
H188,T013,Psychiatrist,B,47.48,73,0,2,32.488
H077,T001,Rheumatologist,A,44.11,66,0,3,32.465999999999994
H030,T018,Psychiatrist,C,50.73,41,0,1,32.437999999999995
H213,T005,General Physician,C,50.58,74,0,1,32.348
H009,T002,Allergist,B,47.19,55,0,2,32.31399999999999
H131,T020,General Physician,C,50.51,76,0,1,32.306
H423,T020,Rheumatologist,C,50.37,79,0,1,32.221999999999994
H371,T007,Neurologist,B,47.03,66,0,2,32.218
H420,T007,Pulmonologist,B,46.82,55,0,2,32.092
H407,T003,Rheumatologist,B,46.72,48,0,2,32.032
H328,T017,Pulmonologist,C,49.94,69,0,1,31.964
H132,T005,Rheumatologist,C,49.84,75,0,1,31.904
H021,T005,Psychiatrist,C,49.65,57,0,1,31.79
H385,T018,General Physician,C,49.62,48,0,1,31.772
H191,T013,General Physician,C,49.51,47,0,1,31.705999999999996
H469,T005,General Physician,B,45.88,97,0,2,31.528000000000002
H415,T013,Orthopedist,B,45.7,60,0,2,31.42
H084,T015,General Physician,C,49.0,74,0,1,31.4
H147,T013,Rheumatologist,C,48.73,39,0,1,31.237999999999996
H339,T008,Pain Specialist,C,48.51,54,0,1,31.105999999999998
H057,T017,Pain Specialist,C,48.41,74,0,1,31.045999999999996
H120,T006,General Physician,C,48.22,50,0,1,30.932
H375,T015,Orthopedist,C,48.2,83,0,1,30.92
H354,T001,Neurologist,B,44.85,49,0,2,30.91
H091,T012,Pulmonologist,C,48.0,43,0,1,30.799999999999997
H301,T019,Psychiatrist,C,47.82,51,0,1,30.692
H340,T010,General Physician,C,47.81,36,0,1,30.686
H335,T019,Psychiatrist,B,44.45,71,0,2,30.67
H190,T004,General Physician,C,47.15,55,0,1,30.29
H259,T007,General Physician,C,46.99,40,0,1,30.194
H045,T002,Allergist,B,43.62,36,0,2,30.171999999999997
H195,T012,Rheumatologist,C,46.89,38,0,1,30.134
H293,T008,Psychiatrist,B,43.47,61,0,2,30.081999999999997
H425,T007,Pulmonologist,C,46.71,58,0,1,30.026
H471,T008,General Physician,C,46.63,61,0,1,29.978
H336,T011,Orthopedist,C,46.51,40,0,1,29.906
H376,T015,Orthopedist,C,46.33,77,0,1,29.798
H157,T007,Pulmonologist,C,46.16,46,0,1,29.695999999999998
H174,T018,Psychiatrist,C,45.95,50,0,1,29.57
H347,T002,General Physician,C,45.92,24,0,1,29.552
H434,T009,Orthopedist,C,45.46,45,0,1,29.276
H254,T012,Neurologist,C,45.02,43,0,1,29.012
H039,T017,Rheumatologist,C,44.69,62,0,1,28.813999999999997
H162,T012,Psychiatrist,C,44.56,24,0,1,28.736
H142,T017,Rheumatologist,C,44.51,63,0,1,28.706
H110,T007,Psychiatrist,B,41.04,64,0,2,28.624
H016,T008,Rheumatologist,B,40.99,62,0,2,28.594
H098,T018,General Physician,C,44.3,50,0,1,28.58
H160,T018,Neurologist,C,43.93,46,0,1,28.358
H398,T016,Pain Specialist,B,40.58,65,0,2,28.348
H247,T016,Orthopedist,C,43.43,44,0,1,28.058
H219,T018,Pulmonologist,C,43.42,41,0,1,28.052
H496,T003,Orthopedist,C,43.4,35,0,1,28.04
H349,T002,Psychiatrist,C,43.3,24,0,1,27.979999999999997
H065,T018,Rheumatologist,C,43.18,37,0,1,27.907999999999998
H163,T016,Psychiatrist,C,43.01,56,0,1,27.805999999999997
H090,T016,Orthopedist,B,39.55,56,0,2,27.729999999999997
H308,T015,Pain Specialist,C,42.81,92,0,1,27.686
H443,T006,Neurologist,C,42.33,43,0,1,27.398
H304,T011,General Physician,C,42.13,46,0,1,27.278000000000002
H330,T003,Allergist,C,41.84,37,0,1,27.104000000000003
H429,T008,Rheumatologist,C,41.31,42,0,1,26.786
H171,T007,Orthopedist,A,34.03,75,0,3,26.418
H019,T001,General Physician,B,36.33,44,0,2,25.798
H360,T018,Orthopedist,B,36.3,47,0,2,25.779999999999998
H067,T003,Rheumatologist,C,39.53,40,0,1,25.718
H258,T007,Psychiatrist,C,39.5,40,0,1,25.7
H488,T008,Allergist,C,39.06,54,0,1,25.436
H143,T006,General Physician,C,39.03,30,0,1,25.418
H457,T012,General Physician,C,38.42,34,0,1,25.052
H069,T015,Rheumatologist,C,38.31,58,0,1,24.986
H270,T007,Psychiatrist,C,38.28,39,0,1,24.968
H125,T001,Pulmonologist,C,37.97,31,0,1,24.782
H031,T011,Pulmonologist,C,37.36,33,0,1,24.416
H037,T007,Neurologist,C,37.07,25,0,1,24.242
H424,T015,Allergist,C,36.9,61,0,1,24.139999999999997
H364,T004,General Physician,A,30.0,72,0,3,24.0
H280,T012,Psychiatrist,B,33.31,42,0,2,23.986
H299,T012,General Physician,C,35.87,41,0,1,23.522
H327,T009,Orthopedist,C,35.27,41,0,1,23.162000000000003
H338,T012,Pain Specialist,B,31.4,50,0,2,22.84
H288,T002,Pulmonologist,C,34.69,19,0,1,22.813999999999997
H194,T014,Allergist,C,34.07,98,0,1,22.442
H130,T009,Pulmonologist,C,33.83,27,0,1,22.298
H092,T018,Allergist,C,33.73,37,0,1,22.237999999999996
H498,T007,General Physician,C,33.4,31,0,1,22.04
H430,T018,Allergist,C,32.84,21,0,1,21.704
H150,T004,Pain Specialist,B,29.44,48,0,2,21.664
H014,T002,General Physician,C,32.57,28,0,1,21.541999999999998
H222,T019,Allergist,C,32.51,35,0,1,21.505999999999997
H003,T004,General Physician,C,32.21,34,0,1,21.326
H483,T018,Neurologist,C,31.88,16,0,1,21.128
H343,T019,Rheumatologist,C,31.56,30,0,1,20.936
H225,T019,Allergist,C,31.16,51,0,1,20.695999999999998
H464,T005,General Physician,C,30.78,33,0,1,20.468
H097,T016,Rheumatologist,C,30.34,40,0,1,20.204
H004,T010,General Physician,C,30.14,16,0,1,20.084
H114,T013,General Physician,B,26.25,41,0,2,19.75
H363,T005,Neurologist,C,28.94,33,0,1,19.364
H175,T018,Rheumatologist,C,28.94,29,0,1,19.364
H080,T009,Orthopedist,C,28.23,30,0,1,18.938
H153,T013,Orthopedist,C,28.23,30,0,1,18.938
H286,T005,Orthopedist,C,27.96,42,0,1,18.776
H221,T001,General Physician,C,25.75,12,0,1,17.45
H173,T014,General Physician,C,25.4,61,0,1,17.24
H197,T012,Allergist,C,25.31,20,0,1,17.186
H033,T002,Rheumatologist,C,24.75,22,0,1,16.85
H387,T006,Psychiatrist,B,21.36,28,0,2,16.816
H311,T001,Pain Specialist,C,24.47,26,0,1,16.682
H170,T012,General Physician,C,23.27,20,0,1,15.962
H436,T003,Pulmonologist,C,21.86,16,0,1,15.116
H180,T018,Rheumatologist,B,18.36,35,0,2,15.016
H401,T002,General Physician,C,20.93,22,0,1,14.558
H001,T008,Pulmonologist,C,19.53,17,0,1,13.718
H312,T001,General Physician,C,18.31,12,0,1,12.985999999999999
H356,T005,General Physician,C,18.17,30,0,1,12.902000000000001
H111,T019,Orthopedist,C,16.95,27,0,1,12.17
H487,T011,General Physician,C,11.81,11,0,1,9.086
H416,T002,Psychiatrist,C,10.0,7,0,1,8.0
H419,T007,Neurologist,C,10.0,10,0,1,8.0
