rep_id,rep_name,territory_id,total_calls,hcps_covered,total_sales,total_hcp_potential,calls_per_hcp,sales_per_call
R007,Arjun Nair,T007,1980,27,8867.040000000032,2008.7799999999997,73.33333333333333,4.478303030303047
R004,Ananya Iyer,T004,2003,18,8778.380000000003,1451.83,111.27777777777777,4.3826160758861725
R008,Sneha Rao,T008,1972,21,7715.490000000045,1236.44,93.9047619047619,3.9125202839756823
R003,Rohan Desai,T003,1959,23,7529.950000000045,1607.16,85.17391304347827,3.843772332822892
R010,Riya Menon,T010,1999,25,7393.560000000027,2009.9299999999998,79.96,3.698629314657342
R001,Aarav Sharma,T001,2056,29,7334.900000000042,2067.8899999999994,70.89655172413794,3.5675583657587753
R018,Nisha Bansal,T018,1971,28,7065.320000000044,1831.4200000000005,70.39285714285714,3.5846372399797284
R013,Rahul Verma,T013,2052,20,6969.78000000004,1695.57,102.6,3.3965789473684405
R002,Priya Mehta,T002,2038,27,6438.050000000045,2157.25,75.48148148148148,3.1590039254170974
R005,Vikram Shah,T005,2050,19,6305.580000000018,1316.6400000000006,107.89473684210526,3.0758926829268383
R006,Neha Kapoor,T006,2019,20,6285.350000000013,1611.7099999999996,100.95,3.113100544824177
R012,Kavya Joshi,T012,2049,25,5972.9300000000085,1891.3200000000002,81.96,2.9150463640800433
R011,Aditya Sen,T011,1987,20,5962.870000000025,1347.8500000000001,99.35,3.000941117262217
R009,Karan Malhotra,T009,2012,18,5949.1600000000035,1211.7700000000002,111.77777777777777,2.956838966202785
R016,Meera Krishnan,T016,2041,20,5811.310000000029,1625.96,102.05,2.8472856442920276
R019,Akash Gupta,T019,2005,20,5343.580000000005,1557.74,100.25,2.6651271820448903
R017,Varun Agarwal,T017,1964,14,5193.400000000007,993.3800000000001,140.28571428571428,2.6442973523421625
R020,Tanya Roy,T020,1994,14,4622.590000000027,1291.09,142.42857142857142,2.318249749247757
R015,Siddharth Kulkarni,T015,1926,15,4176.91000000004,1036.64,128.4,2.1686967808930633
R014,Ishita Patel,T014,1923,8,3898.880000000039,774.6899999999999,240.375,2.0274986999480182
