territory_id,territory_name,region,market_potential,total_sales,sales_index,potential_index,realization_index,opportunity_gap
T016,Mumbai,West,61.57,5811.310000000029,0.6553833071690224,0.6571672537090405,0.9972853995235619,0.001783946540018122
T003,Lucknow,North,79.72,7529.950000000045,0.8492067251303725,0.850891237058384,0.998020297007835,0.0016845119280114451
T014,Guwahati,East,41.3,3898.880000000039,0.4397047943846002,0.44081545522467713,0.9974804403363969,0.001110660840076938
T009,Kochi,South,62.96,5949.1600000000035,0.6709296450675741,0.6720034155192657,0.9984021354253656,0.001073770451691547
T004,Chandigarh,North,92.85,8778.380000000003,0.9900011728829431,0.9910342619276337,0.9989575647539358,0.0010330890446905716
T006,Bengaluru,South,66.49,6285.350000000013,0.7088442140782032,0.7096808624186145,0.9988210921489978,0.0008366483404113056
T018,Surat,West,74.71,7065.320000000044,0.7968070517331622,0.797417013555342,0.9992350779933071,0.0006099618221797609
T011,Kolkata,East,63.05,5962.870000000025,0.672475820566954,0.6729640303127334,0.9992745381271677,0.0004882097457794554
T010,Coimbatore,South,78.14,7393.560000000027,0.8338250419531208,0.8340271106841712,0.9997577192294329,0.0002020687310504421
T007,Chennai,South,93.69,8867.040000000032,1.0,1.0,1.0,0.0
T015,Pune,West,44.13,4176.91000000004,0.47106024107255917,0.4710214537303875,1.0000823472940872,-3.878734217166446e-05
T008,Hyderabad,South,81.51,7715.490000000045,0.8701314080008681,0.8699967979506885,1.0001547247650757,-0.00013461005017956218
T013,Visakhapatnam,East,73.63,6969.78000000004,0.78603231743626,0.7858896360337282,1.0001815539943393,-0.00014268140253181905
T020,Nagpur,West,48.82,4622.590000000027,0.5213227864089945,0.5210801579677661,1.0004656259454874,-0.00024262844122846516
T001,Delhi,North,77.45,7334.900000000042,0.8272095310272668,0.8266623972675846,1.0006618587726872,-0.0005471337596821835
T017,Ahmedabad,West,54.81,5193.400000000007,0.5856971435789157,0.5850144092219021,1.0011670385314468,-0.0006827343570136035
T019,Indore,West,56.38,5343.580000000005,0.6026340244320524,0.6017718006190629,1.0014328086030329,-0.0008622238129895043
T002,Jaipur,North,67.93,6438.050000000045,0.7260652934914044,0.7250506991140998,1.00139934266465,-0.0010145943773045563
T012,Bhubaneswar,East,63.01,5972.9300000000085,0.6736103592630671,0.6725370904045256,1.0015958508071219,-0.0010732688585415318
T005,Patna,North,66.49,6305.580000000018,0.7111256969631349,0.7096808624186145,1.0020358933445046,-0.0014448345445203792
