territory_id,territory_name,region,market_potential,total_sales,avg_sales,products_sold,active_days
T007,Chennai,South,93.69,8867.040000000032,0.5262962962962981,8,2106
T004,Chandigarh,North,92.85,8778.380000000003,0.5210339506172841,8,2106
T008,Hyderabad,South,81.51,7715.490000000045,0.45794693732194003,8,2106
T003,Lucknow,North,79.72,7529.950000000045,0.44693435422602357,8,2106
T010,Coimbatore,South,78.14,7393.560000000027,0.4388390313390329,8,2106
T001,Delhi,North,77.45,7334.9000000000415,0.43535731244064824,8,2106
T018,Surat,West,74.71,7065.320000000043,0.4193566001899361,8,2106
T013,Visakhapatnam,East,73.63,6969.78000000004,0.4136858974358998,8,2106
T002,Jaipur,North,67.93,6438.050000000045,0.3821254748338108,8,2106
T005,Patna,North,66.49,6305.580000000018,0.3742628205128216,8,2106
T006,Bengaluru,South,66.49,6285.350000000012,0.37306208452041856,8,2106
T012,Bhubaneswar,East,63.01,5972.9300000000085,0.3545186372269711,8,2106
T011,Kolkata,East,63.05,5962.870000000025,0.3539215337132019,8,2106
T009,Kochi,South,62.96,5949.1600000000035,0.35310778727445413,8,2106
T016,Mumbai,West,61.57,5811.310000000029,0.34492580721747557,8,2106
T019,Indore,West,56.38,5343.580000000005,0.31716405508072204,8,2106
T017,Ahmedabad,West,54.81,5193.400000000007,0.3082502374169045,8,2106
T020,Nagpur,West,48.82,4622.590000000027,0.27437025166192,8,2106
T015,Pune,West,44.13,4176.91000000004,0.24791726020892924,8,2106
T014,Guwahati,East,41.3,3898.8800000000397,0.23141500474834042,8,2106
